portfolioid,datetime,investedvalue,annualreturns,dailychange,gainloss,marketvalue
p001,2024-01-27 15:51:00,407459,1.04,2.47,-792,406667
p001,2024-02-11 03:29:00,407459,14.72,-4.25,1944,409403
p001,2024-03-25 07:55:00,407459,8.85,2.24,770,408229
p001,2024-04-13 17:23:00,407459,-3.16,2.91,-1631,405828
p001,2024-05-01 08:34:00,407459,-2.47,-0.45,-1494,405965
p001,2024-06-22 23:43:00,407459,0.37,0.85,-927,406532
p001,2024-07-27 20:23:00,407459,-2.79,1.75,-1557,405902
p001,2024-08-16 00:39:00,407459,13.11,4.43,1621,409080
p001,2024-09-11 19:14:00,407459,8.26,-4.37,652,408111
p001,2024-10-27 14:58:00,407459,9.36,-1.98,871,408330
p001,2024-11-14 03:08:00,407459,-4.08,4.46,-1815,405644
p001,2024-12-10 15:07:00,407459,-3.01,-2.65,-1602,405857
p002,2024-01-18 04:24:00,144401,4.29,-1.29,-142,144259
p002,2024-02-24 22:34:00,144401,3.58,0.87,-284,144117
p002,2024-03-24 04:56:00,144401,3.5,1.55,-301,144100
p002,2024-04-27 15:39:00,144401,3.36,4.39,-329,144072
p002,2024-05-09 01:44:00,144401,2.58,-2.83,-483,143918
p002,2024-06-15 07:54:00,144401,2.43,-4.01,-515,143886
p002,2024-07-22 11:34:00,144401,13.46,4.78,1693,146094
p002,2024-08-12 01:25:00,144401,0.65,-3.1,-870,143531
p002,2024-09-04 14:05:00,144401,8.57,-2.88,714,145115
p002,2024-10-21 19:01:00,144401,-3.96,2.87,-1793,142608
p002,2024-11-08 04:50:00,144401,6.56,-2.95,312,144713
p002,2024-12-27 17:13:00,144401,7.0,-2.84,401,144802
p003,2024-01-28 07:21:00,139120,10.85,-3.52,1171,140291
p003,2024-02-20 00:17:00,139120,12.58,4.84,1516,140636
p003,2024-03-05 17:16:00,139120,11.35,-3.26,1270,140390
p003,2024-04-22 00:08:00,139120,-4.7,-1.42,-1940,137180
p003,2024-05-26 07:37:00,139120,1.63,-4.84,-674,138446
p003,2024-06-09 01:08:00,139120,10.19,-0.79,1038,140158
p003,2024-07-04 23:04:00,139120,4.75,-0.52,-50,139070
p003,2024-08-12 16:37:00,139120,-2.77,-0.48,-1554,137566
p003,2024-09-08 19:02:00,139120,9.89,2.83,978,140098
p003,2024-10-28 21:33:00,139120,1.18,-0.42,-765,138355
p003,2024-11-01 01:30:00,139120,12.35,-0.98,1470,140590
p003,2024-12-22 03:31:00,139120,9.58,4.1,917,140037
p004,2024-01-03 02:20:00,141786,7.46,-3.52,491,142277
p004,2024-02-05 08:39:00,141786,7.96,0.85,593,142379
p004,2024-03-23 10:24:00,141786,7.23,0.31,446,142232
p004,2024-04-15 16:38:00,141786,3.81,-4.01,-238,141548
p004,2024-05-23 03:54:00,141786,8.41,1.51,681,142467
p004,2024-06-25 17:46:00,141786,12.73,-2.85,1545,143331
p004,2024-07-15 07:26:00,141786,1.94,3.27,-612,141174
p004,2024-08-13 13:46:00,141786,-3.05,-1.87,-1611,140175
p004,2024-09-11 21:16:00,141786,2.66,4.54,-467,141319
p004,2024-10-22 15:04:00,141786,-3.13,3.32,-1627,140159
p004,2024-11-03 13:06:00,141786,10.24,2.39,1049,142835
p004,2024-12-26 04:35:00,141786,-3.77,0.86,-1755,140031
p005,2024-01-18 17:21:00,91402,8.72,-3.78,744,92146
p005,2024-02-12 21:48:00,91402,3.66,3.68,-268,91134
p005,2024-03-24 01:18:00,91402,7.29,-1.88,459,91861
p005,2024-04-04 18:32:00,91402,-0.64,-3.45,-1129,90273
p005,2024-05-16 07:54:00,91402,-2.79,-1.5,-1557,89845
p005,2024-06-18 11:07:00,91402,10.62,-2.21,1123,92525
p005,2024-07-08 13:54:00,91402,6.49,4.75,297,91699
p005,2024-08-27 19:39:00,91402,8.82,1.43,764,92166
p005,2024-09-01 19:59:00,91402,8.47,3.29,694,92096
p005,2024-10-09 00:11:00,91402,0.59,2.03,-881,90521
p005,2024-11-10 10:22:00,91402,-4.88,-3.19,-1975,89427
p005,2024-12-05 18:42:00,91402,3.21,-4.3,-359,91043
p006,2024-01-24 20:01:00,369549,-3.12,2.46,-1625,367924
p006,2024-02-07 12:26:00,369549,4.29,-1.59,-142,369407
p006,2024-03-12 09:46:00,369549,1.64,2.77,-672,368877
p006,2024-04-19 19:05:00,369549,13.09,-4.47,1618,371167
p006,2024-05-06 19:03:00,369549,8.8,-4.18,760,370309
p006,2024-06-15 21:27:00,369549,4.95,1.07,-11,369538
p006,2024-07-14 08:13:00,369549,10.46,0.12,1092,370641
p006,2024-08-12 13:07:00,369549,0.8,1.78,-840,368709
p006,2024-09-19 15:33:00,369549,8.66,-1.92,732,370281
p006,2024-10-08 12:38:00,369549,-3.88,-4.92,-1776,367773
p006,2024-11-10 06:49:00,369549,-2.19,2.64,-1438,368111
p006,2024-12-10 10:07:00,369549,-4.84,-0.03,-1969,367580
p007,2024-01-14 05:08:00,250563,2.79,0.33,-443,250120
p007,2024-02-08 16:35:00,250563,12.06,1.68,1413,251976
p007,2024-03-12 02:25:00,250563,12.64,2.42,1529,252092
p007,2024-04-14 00:29:00,250563,13.87,-4.22,1773,252336
p007,2024-05-11 18:27:00,250563,6.74,-0.96,348,250911
p007,2024-06-21 13:18:00,250563,-2.65,-0.95,-1529,249034
p007,2024-07-11 05:51:00,250563,14.4,1.18,1881,252444
p007,2024-08-27 22:58:00,250563,2.41,-4.12,-518,250045
p007,2024-09-28 03:15:00,250563,3.92,0.89,-216,250347
p007,2024-10-17 02:25:00,250563,12.82,-1.9,1565,252128
p007,2024-11-11 07:21:00,250563,10.95,-3.32,1191,251754
p007,2024-12-17 20:07:00,250563,5.87,0.1,173,250736
p008,2024-01-25 11:22:00,374906,9.89,4.58,979,375885
p008,2024-02-21 04:15:00,374906,-2.9,-3.54,-1579,373327
p008,2024-03-07 05:38:00,374906,-1.87,2.6,-1374,373532
p008,2024-04-21 02:11:00,374906,14.48,2.73,1896,376802
p008,2024-05-16 14:48:00,374906,6.55,2.6,309,375215
p008,2024-06-15 21:59:00,374906,13.06,0.64,1612,376518
p008,2024-07-21 19:20:00,374906,12.7,4.71,1539,376445
p008,2024-08-11 04:28:00,374906,-3.6,-0.31,-1721,373185
p008,2024-09-21 09:50:00,374906,0.62,0.91,-875,374031
p008,2024-10-12 16:04:00,374906,1.35,-0.38,-729,374177
p008,2024-11-02 01:23:00,374906,12.03,-2.13,1406,376312
p008,2024-12-21 02:39:00,374906,7.16,0.07,433,375339
p009,2024-01-15 18:35:00,408159,14.54,2.92,1908,410067
p009,2024-02-02 14:58:00,408159,11.59,0.72,1317,409476
p009,2024-03-07 10:38:00,408159,4.74,0.01,-52,408107
p009,2024-04-02 14:06:00,408159,11.61,3.99,1321,409480
p009,2024-05-11 22:05:00,408159,5.33,1.46,66,408225
p009,2024-06-02 07:45:00,408159,3.96,4.91,-207,407952
p009,2024-07-17 16:39:00,408159,-1.75,-1.36,-1350,406809
p009,2024-08-10 12:26:00,408159,10.86,-1.62,1172,409331
p009,2024-09-20 01:50:00,408159,7.92,1.47,584,408743
p009,2024-10-03 10:06:00,408159,6.43,1.78,285,408444
p009,2024-11-10 08:46:00,408159,12.44,1.57,1488,409647
p009,2024-12-20 04:21:00,408159,-3.33,0.83,-1667,406492
p010,2024-01-05 11:19:00,176264,14.82,1.56,1963,178227
p010,2024-02-22 12:08:00,176264,7.18,2.09,437,176701
p010,2024-03-03 09:35:00,176264,2.71,1.43,-458,175806
p010,2024-04-11 04:42:00,176264,9.39,3.29,878,177142
p010,2024-05-24 21:58:00,176264,5.78,-4.07,156,176420
p010,2024-06-22 13:32:00,176264,2.41,-4.82,-518,175746
p010,2024-07-10 05:13:00,176264,2.0,4.48,-601,175663
p010,2024-08-16 06:14:00,176264,-2.19,-3.45,-1437,174827
p010,2024-09-10 03:32:00,176264,10.79,0.4,1157,177421
p010,2024-10-24 16:02:00,176264,8.55,-1.63,711,176975
p010,2024-11-25 19:08:00,176264,7.23,-1.23,446,176710
p010,2024-12-06 05:53:00,176264,9.19,2.71,837,177101
p011,2024-01-26 05:46:00,310920,3.96,-4.56,-208,310712
p011,2024-02-12 21:46:00,310920,-0.14,4.7,-1028,309892
p011,2024-03-20 09:48:00,310920,10.33,2.84,1066,311986
p011,2024-04-08 17:15:00,310920,1.33,4.66,-733,310187
p011,2024-05-26 15:57:00,310920,12.1,-3.06,1420,312340
p011,2024-06-22 18:28:00,310920,4.46,2.69,-109,310811
p011,2024-07-25 12:32:00,310920,5.8,-0.81,160,311080
p011,2024-08-06 06:51:00,310920,7.38,-3.62,476,311396
p011,2024-09-09 01:41:00,310920,4.84,3.74,-32,310888
p011,2024-10-18 03:45:00,310920,12.32,0.16,1464,312384
p011,2024-11-04 09:05:00,310920,10.62,-3.4,1125,312045
p011,2024-12-15 16:09:00,310920,12.02,-0.63,1403,312323
p012,2024-01-08 14:56:00,355742,2.16,4.3,-569,355173
p012,2024-02-14 01:25:00,355742,5.28,-1.26,56,355798
p012,2024-03-13 02:23:00,355742,-0.4,-4.72,-1081,354661
p012,2024-04-04 22:41:00,355742,1.87,2.91,-627,355115
p012,2024-05-05 01:18:00,355742,13.79,3.3,1757,357499
p012,2024-06-23 04:48:00,355742,9.44,-0.31,889,356631
p012,2024-07-20 00:57:00,355742,-3.38,-4.81,-1676,354066
p012,2024-08-07 04:35:00,355742,14.25,2.27,1851,357593
p012,2024-09-17 13:07:00,355742,10.89,-2.12,1179,356921
p012,2024-10-10 03:03:00,355742,-0.12,-0.8,-1024,354718
p012,2024-11-26 19:29:00,355742,-3.71,-3.89,-1743,353999
p012,2024-12-16 19:34:00,355742,-4.67,1.32,-1933,353809
p013,2024-01-19 07:45:00,125034,-2.06,-2.09,-1412,123622
p013,2024-02-01 19:22:00,125034,-0.08,0.71,-1015,124019
p013,2024-03-06 21:42:00,125034,-3.25,0.23,-1650,123384
p013,2024-04-12 02:33:00,125034,6.14,0.07,228,125262
p013,2024-05-17 17:01:00,125034,3.0,3.73,-401,124633
p013,2024-06-02 20:24:00,125034,2.64,-2.46,-471,124563
p013,2024-07-01 11:50:00,125034,-3.62,-1.55,-1724,123310
p013,2024-08-24 21:40:00,125034,-2.88,2.72,-1576,123458
p013,2024-09-24 10:08:00,125034,-4.09,-1.48,-1819,123215
p013,2024-10-11 20:11:00,125034,12.0,2.79,1401,126435
p013,2024-11-15 22:30:00,125034,7.94,-3.18,587,125621
p013,2024-12-05 02:45:00,125034,10.89,4.44,1179,126213
p014,2024-01-02 09:12:00,171733,-4.11,2.91,-1821,169912
p014,2024-02-02 10:59:00,171733,1.35,0.15,-730,171003
p014,2024-03-27 17:30:00,171733,0.18,-4.63,-963,170770
p014,2024-04-21 06:18:00,171733,2.31,3.62,-538,171195
p014,2024-05-02 20:21:00,171733,0.59,-3.76,-881,170852
p014,2024-06-12 13:56:00,171733,3.19,2.43,-362,171371
p014,2024-07-13 10:11:00,171733,5.16,1.92,32,171765
p014,2024-08-12 16:17:00,171733,11.41,-4.17,1281,173014
p014,2024-09-14 02:27:00,171733,7.34,4.95,467,172200
p014,2024-10-06 17:18:00,171733,1.57,-3.97,-685,171048
p014,2024-11-11 21:18:00,171733,1.27,-0.54,-745,170988
p014,2024-12-23 13:10:00,171733,9.12,-0.56,825,172558
p015,2024-01-15 01:46:00,291775,12.82,4.12,1563,293338
p015,2024-02-20 13:17:00,291775,8.1,4.8,619,292394
p015,2024-03-02 02:42:00,291775,8.06,-0.94,611,292386
p015,2024-04-17 23:43:00,291775,-1.72,4.53,-1345,290430
p015,2024-05-05 19:43:00,291775,11.0,-0.62,1200,292975
p015,2024-06-05 02:15:00,291775,10.94,1.45,1188,292963
p015,2024-07-12 12:36:00,291775,-4.34,1.05,-1868,289907
p015,2024-08-22 14:23:00,291775,2.61,-0.56,-477,291298
p015,2024-09-03 18:08:00,291775,5.84,-1.33,168,291943
p015,2024-10-11 20:17:00,291775,0.11,4.61,-978,290797
p015,2024-11-01 23:11:00,291775,5.22,0.18,44,291819
p015,2024-12-18 03:16:00,291775,10.87,-2.4,1174,292949
p016,2024-01-15 06:39:00,384445,0.85,1.94,-831,383614
p016,2024-02-16 06:07:00,384445,-2.22,3.53,-1445,383000
p016,2024-03-15 05:57:00,384445,9.6,-0.55,921,385366
p016,2024-04-03 21:54:00,384445,1.54,1.68,-691,383754
p016,2024-05-23 02:35:00,384445,6.1,-2.1,220,384665
p016,2024-06-10 05:45:00,384445,9.53,4.27,906,385351
p016,2024-07-21 05:50:00,384445,2.4,0.09,-520,383925
p016,2024-08-04 06:50:00,384445,-2.16,-2.63,-1432,383013
p016,2024-09-16 00:23:00,384445,6.35,0.72,269,384714
p016,2024-10-15 17:08:00,384445,7.53,3.84,506,384951
p016,2024-11-03 09:25:00,384445,9.68,2.19,936,385381
p016,2024-12-17 13:49:00,384445,3.38,3.23,-323,384122
p017,2024-01-03 04:20:00,183157,8.15,-4.26,631,183788
p017,2024-02-15 21:33:00,183157,2.05,-3.72,-589,182568
p017,2024-03-27 17:40:00,183157,7.04,-3.18,407,183564
p017,2024-04-05 13:32:00,183157,13.65,3.68,1730,184887
p017,2024-05-27 03:33:00,183157,-1.87,-1.96,-1374,181783
p017,2024-06-06 10:59:00,183157,9.52,-2.75,905,184062
p017,2024-07-17 09:54:00,183157,-3.38,-2.49,-1677,181480
p017,2024-08-21 17:17:00,183157,-2.44,1.25,-1488,181669
p017,2024-09-20 17:05:00,183157,5.29,1.41,58,183215
p017,2024-10-19 18:09:00,183157,-1.5,1.59,-1299,181858
p017,2024-11-24 19:21:00,183157,12.25,4.24,1451,184608
p017,2024-12-02 00:05:00,183157,-4.07,4.49,-1814,181343
p018,2024-01-25 18:16:00,290947,8.33,-2.89,667,291614
p018,2024-02-19 13:39:00,290947,8.09,-4.7,617,291564
p018,2024-03-21 17:18:00,290947,8.14,4.57,629,291576
p018,2024-04-16 07:51:00,290947,11.53,1.85,1306,292253
p018,2024-05-10 14:04:00,290947,9.1,-4.4,820,291767
p018,2024-06-15 13:30:00,290947,4.51,-2.96,-98,290849
p018,2024-07-20 04:20:00,290947,12.64,2.18,1528,292475
p018,2024-08-24 11:25:00,290947,-2.32,2.61,-1465,289482
p018,2024-09-17 17:06:00,290947,1.54,-2.58,-693,290254
p018,2024-10-04 08:28:00,290947,0.07,-3.59,-985,289962
p018,2024-11-02 09:24:00,290947,12.7,1.15,1539,292486
p018,2024-12-08 05:52:00,290947,1.71,4.34,-659,290288
p019,2024-01-24 10:12:00,183864,10.62,-3.41,1125,184989
p019,2024-02-17 14:31:00,183864,13.0,-1.91,1600,185464
p019,2024-03-01 02:25:00,183864,5.35,-0.43,70,183934
p019,2024-04-08 06:37:00,183864,2.23,-4.51,-555,183309
p019,2024-05-10 15:38:00,183864,13.07,3.43,1614,185478
p019,2024-06-22 15:18:00,183864,5.99,-4.92,198,184062
p019,2024-07-04 13:08:00,183864,13.07,-2.36,1614,185478
p019,2024-08-12 12:23:00,183864,-4.08,-0.99,-1815,182049
p019,2024-09-19 17:12:00,183864,2.42,0.53,-516,183348
p019,2024-10-03 12:32:00,183864,4.22,2.64,-156,183708
p019,2024-11-09 19:43:00,183864,7.51,-3.81,502,184366
p019,2024-12-04 12:23:00,183864,11.27,4.87,1255,185119
p020,2024-01-18 11:48:00,399616,-2.05,-3.01,-1410,398206
p020,2024-02-17 12:32:00,399616,-4.18,-4.55,-1836,397780
p020,2024-03-05 22:21:00,399616,11.46,-0.26,1293,400909
p020,2024-04-15 04:38:00,399616,13.29,0.16,1658,401274
p020,2024-05-11 19:20:00,399616,-1.67,-1.07,-1335,398281
p020,2024-06-20 23:53:00,399616,1.12,0.94,-775,398841
p020,2024-07-17 16:34:00,399616,5.03,2.09,6,399622
p020,2024-08-10 15:52:00,399616,-4.66,-1.32,-1932,397684
p020,2024-09-22 03:26:00,399616,6.95,-1.92,390,400006
p020,2024-10-24 22:40:00,399616,-4.46,0.97,-1891,397725
p020,2024-11-09 20:50:00,399616,14.91,2.76,1981,401597
p020,2024-12-19 07:46:00,399616,-3.95,0.84,-1790,397826
p021,2024-01-06 16:40:00,54926,9.76,1.2,953,55879
p021,2024-02-27 12:09:00,54926,11.83,1.81,1365,56291
p021,2024-03-02 18:44:00,54926,-2.75,-3.09,-1550,53376
p021,2024-04-15 10:26:00,54926,-1.9,-0.87,-1380,53546
p021,2024-05-07 13:32:00,54926,10.87,1.11,1174,56100
p021,2024-06-16 23:46:00,54926,-3.73,2.06,-1745,53181
p021,2024-07-17 06:35:00,54926,1.65,4.98,-669,54257
p021,2024-08-16 16:24:00,54926,1.42,4.57,-715,54211
p021,2024-09-15 17:21:00,54926,6.19,-1.46,237,55163
p021,2024-10-25 23:43:00,54926,8.17,3.04,634,55560
p021,2024-11-09 19:30:00,54926,-1.06,4.57,-1213,53713
p021,2024-12-09 17:19:00,54926,-0.39,4.41,-1079,53847
p022,2024-01-10 09:45:00,293926,-0.75,1.9,-1151,292775
p022,2024-02-16 10:30:00,293926,2.14,0.6,-572,293354
p022,2024-03-26 23:17:00,293926,0.89,-3.78,-822,293104
p022,2024-04-22 17:24:00,293926,13.34,4.8,1669,295595
p022,2024-05-27 11:49:00,293926,11.48,-3.54,1295,295221
p022,2024-06-02 09:45:00,293926,-3.38,-1.54,-1677,292249
p022,2024-07-15 20:16:00,293926,10.3,-0.21,1061,294987
p022,2024-08-07 17:17:00,293926,14.11,0.62,1821,295747
p022,2024-09-09 04:06:00,293926,7.61,2.41,521,294447
p022,2024-10-08 07:03:00,293926,8.71,4.05,743,294669
p022,2024-11-08 20:14:00,293926,-3.92,-4.0,-1785,292141
p022,2024-12-11 22:30:00,293926,-2.95,1.81,-1589,292337
p023,2024-01-05 00:35:00,200801,14.03,-3.42,1805,202606
p023,2024-02-21 15:30:00,200801,8.32,-3.01,664,201465
p023,2024-03-10 10:18:00,200801,8.22,-4.41,645,201446
p023,2024-04-25 02:41:00,200801,6.75,-2.68,351,201152
p023,2024-05-24 23:54:00,200801,14.18,-4.63,1836,202637
p023,2024-06-06 13:56:00,200801,12.15,-3.24,1430,202231
p023,2024-07-02 12:50:00,200801,5.14,-3.14,29,200830
p023,2024-08-24 09:56:00,200801,-4.24,-4.91,-1847,198954
p023,2024-09-19 19:06:00,200801,14.01,4.83,1802,202603
p023,2024-10-10 14:41:00,200801,6.12,0.24,225,201026
p023,2024-11-05 16:29:00,200801,0.58,-3.07,-883,199918
p023,2024-12-04 10:10:00,200801,9.97,-0.41,994,201795
p024,2024-01-09 22:11:00,405263,-4.71,2.37,-1943,403320
p024,2024-02-26 09:36:00,405263,8.81,2.57,762,406025
p024,2024-03-06 19:54:00,405263,8.08,3.97,616,405879
p024,2024-04-27 13:32:00,405263,1.71,-4.13,-657,404606
p024,2024-05-22 03:11:00,405263,-2.12,-0.23,-1425,403838
p024,2024-06-08 00:16:00,405263,2.85,-2.64,-429,404834
p024,2024-07-25 08:21:00,405263,1.18,0.82,-764,404499
p024,2024-08-19 00:16:00,405263,8.38,-1.4,677,405940
p024,2024-09-08 01:42:00,405263,-2.58,-0.35,-1516,403747
p024,2024-10-06 12:43:00,405263,5.29,4.23,58,405321
p024,2024-11-23 09:44:00,405263,-2.6,1.39,-1520,403743
p024,2024-12-10 11:39:00,405263,-0.48,-2.81,-1096,404167
p025,2024-01-05 15:09:00,336574,4.31,2.48,-137,336437
p025,2024-02-20 11:26:00,336574,9.38,0.49,875,337449
p025,2024-03-16 17:51:00,336574,8.6,3.26,720,337294
p025,2024-04-25 07:43:00,336574,10.46,0.96,1091,337665
p025,2024-05-26 02:33:00,336574,4.14,0.28,-171,336403
p025,2024-06-12 02:58:00,336574,6.55,-3.88,310,336884
p025,2024-07-27 17:57:00,336574,5.35,-2.98,70,336644
p025,2024-08-18 04:10:00,336574,1.71,3.54,-657,335917
p025,2024-09-15 03:43:00,336574,-0.79,2.17,-1159,335415
p025,2024-10-16 02:57:00,336574,5.45,-0.55,90,336664
p025,2024-11-02 14:08:00,336574,5.51,-0.85,102,336676
p025,2024-12-19 01:35:00,336574,4.46,1.73,-107,336467
p026,2024-01-10 23:01:00,132824,3.11,-2.46,-379,132445
p026,2024-02-01 23:13:00,132824,6.84,-4.27,368,133192
p026,2024-03-14 11:44:00,132824,-3.69,0.41,-1739,131085
p026,2024-04-02 02:59:00,132824,4.67,-4.68,-67,132757
p026,2024-05-14 05:49:00,132824,-2.23,2.66,-1446,131378
p026,2024-06-24 20:26:00,132824,2.66,4.93,-467,132357
p026,2024-07-13 14:55:00,132824,13.78,4.07,1756,134580
p026,2024-08-13 02:43:00,132824,14.74,1.62,1949,134773
p026,2024-09-18 04:41:00,132824,12.62,-1.52,1523,134347
p026,2024-10-06 17:25:00,132824,5.83,-3.73,166,132990
p026,2024-11-08 00:48:00,132824,-4.54,4.78,-1907,130917
p026,2024-12-15 21:46:00,132824,6.15,-0.76,230,133054
p027,2024-01-13 07:15:00,88724,4.43,-1.54,-114,88610
p027,2024-02-09 06:59:00,88724,12.92,2.25,1584,90308
p027,2024-03-04 01:51:00,88724,8.52,-0.81,704,89428
p027,2024-04-25 00:15:00,88724,-0.78,-4.33,-1156,87568
p027,2024-05-20 01:28:00,88724,7.24,1.72,448,89172
p027,2024-06-28 01:15:00,88724,10.16,-4.56,1033,89757
p027,2024-07-15 07:34:00,88724,-0.55,2.54,-1111,87613
p027,2024-08-25 01:08:00,88724,5.32,4.93,63,88787
p027,2024-09-08 23:36:00,88724,1.53,0.77,-694,88030
p027,2024-10-25 21:52:00,88724,1.56,-2.63,-687,88037
p027,2024-11-05 21:33:00,88724,-0.47,-0.86,-1095,87629
p027,2024-12-09 01:35:00,88724,14.42,0.92,1885,90609
p028,2024-01-24 05:40:00,281593,8.9,-0.73,780,282373
p028,2024-02-16 01:22:00,281593,14.28,1.43,1856,283449
p028,2024-03-13 16:20:00,281593,9.26,-0.84,852,282445
p028,2024-04-05 09:24:00,281593,-1.23,2.54,-1247,280346
p028,2024-05-16 07:54:00,281593,-0.38,-1.99,-1077,280516
p028,2024-06-23 04:51:00,281593,4.48,4.15,-104,281489
p028,2024-07-18 13:26:00,281593,6.41,0.3,282,281875
p028,2024-08-13 07:16:00,281593,-0.84,-1.7,-1168,280425
p028,2024-09-03 14:54:00,281593,2.59,-4.08,-481,281112
p028,2024-10-24 06:03:00,281593,0.5,-1.23,-901,280692
p028,2024-11-20 19:02:00,281593,12.89,-4.27,1578,283171
p028,2024-12-26 18:46:00,281593,8.75,0.59,750,282343
p029,2024-01-16 06:55:00,231175,13.57,-1.67,1715,232890
p029,2024-02-01 06:59:00,231175,-1.11,4.62,-1222,229953
p029,2024-03-04 23:48:00,231175,4.8,4.14,-39,231136
p029,2024-04-23 19:45:00,231175,-0.82,-1.03,-1163,230012
p029,2024-05-08 17:20:00,231175,10.88,-2.17,1176,232351
p029,2024-06-15 17:41:00,231175,2.36,-1.92,-529,230646
p029,2024-07-12 16:56:00,231175,5.18,-0.34,36,231211
p029,2024-08-26 23:30:00,231175,10.6,3.4,1119,232294
p029,2024-09-07 11:20:00,231175,3.47,-4.54,-305,230870
p029,2024-10-28 07:47:00,231175,-2.02,-4.84,-1403,229772
p029,2024-11-18 18:37:00,231175,9.74,-0.82,949,232124
p029,2024-12-05 06:21:00,231175,-0.29,-1.2,-1058,230117
p030,2024-01-27 07:31:00,358056,6.27,1.55,255,358311
p030,2024-02-22 10:16:00,358056,10.63,3.22,1126,359182
p030,2024-03-24 20:47:00,358056,5.04,-0.39,9,358065
p030,2024-04-24 11:10:00,358056,-2.14,2.2,-1427,356629
p030,2024-05-16 05:58:00,358056,13.21,0.42,1642,359698
p030,2024-06-21 01:33:00,358056,-4.31,3.39,-1862,356194
p030,2024-07-03 21:03:00,358056,10.65,-4.94,1130,359186
p030,2024-08-05 20:14:00,358056,-3.61,2.07,-1722,356334
p030,2024-09-01 06:32:00,358056,4.34,-1.27,-133,357923
p030,2024-10-20 20:42:00,358056,14.12,1.17,1825,359881
p030,2024-11-16 21:31:00,358056,-4.68,-4.93,-1936,356120
p030,2024-12-18 13:00:00,358056,-4.66,0.29,-1932,356124
p031,2024-01-09 17:18:00,206842,-4.65,0.02,-1930,204912
p031,2024-02-23 21:27:00,206842,11.51,4.4,1302,208144
p031,2024-03-06 03:58:00,206842,-3.03,0.24,-1606,205236
p031,2024-04-08 06:39:00,206842,5.78,-2.48,156,206998
p031,2024-05-12 08:50:00,206842,3.12,-4.21,-375,206467
p031,2024-06-13 14:36:00,206842,-0.02,4.9,-1004,205838
p031,2024-07-08 09:43:00,206842,11.95,3.48,1391,208233
p031,2024-08-21 20:48:00,206842,-4.36,-4.06,-1871,204971
p031,2024-09-13 12:35:00,206842,4.75,-4.44,-51,206791
p031,2024-10-01 22:10:00,206842,-3.31,-0.0,-1662,205180
p031,2024-11-14 20:50:00,206842,1.78,0.66,-644,206198
p031,2024-12-28 03:57:00,206842,5.81,4.19,163,207005
p032,2024-01-08 06:57:00,384987,12.78,1.92,1555,386542
p032,2024-02-19 15:17:00,384987,-4.05,4.24,-1810,383177
p032,2024-03-22 08:57:00,384987,6.12,0.64,224,385211
p032,2024-04-02 05:59:00,384987,12.41,-1.86,1483,386470
p032,2024-05-07 18:09:00,384987,10.4,3.21,1081,386068
p032,2024-06-27 12:59:00,384987,-3.42,-2.01,-1685,383302
p032,2024-07-19 07:36:00,384987,12.09,3.49,1418,386405
p032,2024-08-22 17:21:00,384987,2.86,2.56,-428,384559
p032,2024-09-05 22:46:00,384987,-3.4,0.01,-1679,383308
p032,2024-10-12 01:06:00,384987,3.95,-2.68,-210,384777
p032,2024-11-03 10:38:00,384987,10.75,1.14,1149,386136
p032,2024-12-20 12:49:00,384987,1.68,-4.7,-664,384323
p033,2024-01-09 14:31:00,272460,-0.33,-1.44,-1066,271394
p033,2024-02-13 13:11:00,272460,8.92,0.86,784,273244
p033,2024-03-13 02:49:00,272460,7.66,-2.05,533,272993
p033,2024-04-08 22:04:00,272460,-3.32,-2.32,-1664,270796
p033,2024-05-13 22:50:00,272460,7.98,-3.46,596,273056
p033,2024-06-13 10:23:00,272460,-2.82,-4.08,-1564,270896
p033,2024-07-10 14:23:00,272460,10.59,-2.3,1118,273578
p033,2024-08-05 02:11:00,272460,3.82,-0.51,-235,272225
p033,2024-09-18 16:26:00,272460,-2.89,-4.74,-1577,270883
p033,2024-10-12 17:05:00,272460,7.22,0.98,445,272905
p033,2024-11-11 12:00:00,272460,0.98,-0.86,-805,271655
p033,2024-12-25 02:46:00,272460,13.45,0.6,1691,274151
p034,2024-01-08 18:33:00,411923,-1.53,1.85,-1306,410617
p034,2024-02-06 04:17:00,411923,1.17,-2.32,-767,411156
p034,2024-03-05 02:10:00,411923,3.9,-2.24,-220,411703
p034,2024-04-10 15:50:00,411923,-3.42,-1.39,-1685,410238
p034,2024-05-08 23:40:00,411923,5.15,0.94,30,411953
p034,2024-06-07 14:06:00,411923,-2.23,-1.95,-1446,410477
p034,2024-07-13 10:53:00,411923,7.7,-1.2,540,412463
p034,2024-08-28 10:28:00,411923,1.86,-0.69,-629,411294
p034,2024-09-27 20:38:00,411923,-2.21,-2.0,-1443,410480
p034,2024-10-20 22:12:00,411923,4.81,-1.86,-38,411885
p034,2024-11-13 10:18:00,411923,10.05,1.95,1010,412933
p034,2024-12-16 18:50:00,411923,-0.04,-1.74,-1008,410915
p035,2024-01-09 12:23:00,181123,-2.67,4.32,-1534,179589
p035,2024-02-07 18:34:00,181123,-1.32,1.82,-1264,179859
p035,2024-03-18 00:46:00,181123,4.45,4.43,-110,181013
p035,2024-04-07 14:51:00,181123,0.96,3.31,-807,180316
p035,2024-05-03 13:43:00,181123,5.22,-3.61,45,181168
p035,2024-06-10 07:16:00,181123,8.48,-3.46,697,181820
p035,2024-07-14 12:04:00,181123,4.2,4.91,-161,180962
p035,2024-08-16 18:25:00,181123,5.94,0.07,188,181311
p035,2024-09-28 22:26:00,181123,6.13,-4.63,226,181349
p035,2024-10-12 22:57:00,181123,11.63,0.37,1327,182450
p035,2024-11-21 02:06:00,181123,10.75,-2.52,1149,182272
p035,2024-12-22 11:10:00,181123,8.25,1.13,650,181773
p036,2024-01-19 20:43:00,289513,8.25,-1.0,649,290162
p036,2024-02-25 10:50:00,289513,3.81,-3.94,-237,289276
p036,2024-03-04 08:14:00,289513,5.46,2.47,91,289604
p036,2024-04-18 18:44:00,289513,6.78,-2.79,356,289869
p036,2024-05-12 12:29:00,289513,10.81,1.8,1163,290676
p036,2024-06-23 16:09:00,289513,2.06,4.98,-588,288925
p036,2024-07-16 03:18:00,289513,3.52,4.21,-297,289216
p036,2024-08-03 03:53:00,289513,14.27,2.3,1853,291366
p036,2024-09-12 09:21:00,289513,4.32,2.84,-135,289378
p036,2024-10-17 15:22:00,289513,4.75,-4.02,-50,289463
p036,2024-11-24 22:28:00,289513,1.53,-4.33,-694,288819
p036,2024-12-02 22:07:00,289513,-4.54,3.49,-1908,287605
p037,2024-01-21 03:43:00,208398,11.39,-3.36,1277,209675
p037,2024-02-24 07:33:00,208398,-1.43,0.52,-1286,207112
p037,2024-03-11 17:27:00,208398,14.62,-0.38,1925,210323
p037,2024-04-26 12:40:00,208398,-1.23,-3.14,-1245,207153
p037,2024-05-22 13:25:00,208398,-4.41,2.37,-1881,206517
p037,2024-06-07 14:37:00,208398,3.79,-1.11,-241,208157
p037,2024-07-23 06:13:00,208398,0.7,2.52,-860,207538
p037,2024-08-26 02:36:00,208398,-2.92,3.0,-1584,206814
p037,2024-09-18 05:23:00,208398,1.67,-3.03,-665,207733
p037,2024-10-04 08:42:00,208398,12.66,-0.11,1533,209931
p037,2024-11-21 10:38:00,208398,2.96,1.11,-409,207989
p037,2024-12-19 03:22:00,208398,2.21,3.46,-559,207839
p038,2024-01-20 05:52:00,154447,8.79,2.06,759,155206
p038,2024-02-10 19:37:00,154447,-3.27,1.72,-1653,152794
p038,2024-03-11 03:15:00,154447,1.25,-3.83,-750,153697
p038,2024-04-12 22:09:00,154447,5.46,-1.12,92,154539
p038,2024-05-20 04:36:00,154447,2.85,-0.77,-429,154018
p038,2024-06-16 20:34:00,154447,9.2,4.19,840,155287
p038,2024-07-06 17:10:00,154447,5.02,-2.11,5,154452
p038,2024-08-06 10:53:00,154447,4.23,1.19,-153,154294
p038,2024-09-28 11:00:00,154447,4.92,-3.63,-16,154431
p038,2024-10-27 12:35:00,154447,5.35,1.53,70,154517
p038,2024-11-14 21:31:00,154447,3.51,2.1,-298,154149
p038,2024-12-15 15:10:00,154447,-3.31,0.65,-1662,152785
p039,2024-01-26 07:18:00,251690,-4.33,-2.25,-1867,249823
p039,2024-02-18 09:10:00,251690,10.98,-0.43,1197,252887
p039,2024-03-24 15:35:00,251690,5.46,-3.87,92,251782
p039,2024-04-04 08:49:00,251690,6.12,3.23,224,251914
p039,2024-05-12 17:52:00,251690,10.5,-4.58,1099,252789
p039,2024-06-24 14:34:00,251690,-0.53,4.9,-1105,250585
p039,2024-07-04 23:53:00,251690,8.38,2.51,677,252367
p039,2024-08-10 01:28:00,251690,0.38,-1.51,-924,250766
p039,2024-09-27 02:28:00,251690,12.72,4.94,1544,253234
p039,2024-10-25 07:13:00,251690,11.6,2.38,1320,253010
p039,2024-11-23 11:55:00,251690,9.55,1.1,911,252601
p039,2024-12-14 05:39:00,251690,-2.15,2.85,-1430,250260
p040,2024-01-27 06:51:00,303340,-3.79,0.7,-1757,301583
p040,2024-02-18 08:38:00,303340,6.03,-3.32,206,303546
p040,2024-03-23 09:18:00,303340,6.73,-2.33,345,303685
p040,2024-04-28 16:57:00,303340,8.91,3.15,782,304122
p040,2024-05-05 13:58:00,303340,-3.79,4.92,-1758,301582
p040,2024-06-28 20:08:00,303340,9.37,3.66,873,304213
p040,2024-07-08 04:45:00,303340,1.59,3.28,-681,302659
p040,2024-08-25 21:25:00,303340,5.02,-3.58,4,303344
p040,2024-09-21 08:40:00,303340,3.48,-1.25,-304,303036
p040,2024-10-03 20:50:00,303340,13.02,2.69,1604,304944
p040,2024-11-13 16:47:00,303340,0.7,1.95,-861,302479
p040,2024-12-12 14:31:00,303340,1.7,0.82,-660,302680
p041,2024-01-28 23:05:00,105917,9.96,4.72,993,106910
p041,2024-02-21 21:44:00,105917,2.34,3.5,-533,105384
p041,2024-03-26 17:25:00,105917,-0.54,4.68,-1108,104809
p041,2024-04-27 06:31:00,105917,0.5,-1.77,-901,105016
p041,2024-05-10 10:35:00,105917,6.84,-3.69,367,106284
p041,2024-06-28 15:50:00,105917,2.04,3.94,-593,105324
p041,2024-07-25 01:02:00,105917,-2.97,1.26,-1593,104324
p041,2024-08-27 14:01:00,105917,-2.46,4.29,-1492,104425
p041,2024-09-06 14:29:00,105917,-4.99,4.92,-1998,103919
p041,2024-10-14 06:44:00,105917,13.62,-3.68,1724,107641
p041,2024-11-21 09:10:00,105917,12.91,4.33,1581,107498
p041,2024-12-09 02:41:00,105917,2.38,-2.5,-524,105393
p042,2024-01-12 21:57:00,174364,8.29,-3.34,657,175021
p042,2024-02-13 20:19:00,174364,9.86,1.99,973,175337
p042,2024-03-08 13:41:00,174364,-3.13,2.04,-1627,172737
p042,2024-04-01 06:30:00,174364,-3.41,-3.67,-1681,172683
p042,2024-05-08 16:43:00,174364,4.11,-4.91,-178,174186
p042,2024-06-23 10:52:00,174364,-2.54,4.88,-1507,172857
p042,2024-07-14 22:08:00,174364,4.78,-4.29,-44,174320
p042,2024-08-13 02:46:00,174364,11.51,-3.98,1301,175665
p042,2024-09-11 11:56:00,174364,1.12,-3.63,-775,173589
p042,2024-10-25 04:41:00,174364,8.87,-3.57,773,175137
p042,2024-11-17 18:00:00,174364,7.5,1.5,499,174863
p042,2024-12-15 11:46:00,174364,-0.64,1.28,-1128,173236
p043,2024-01-05 13:39:00,249944,9.06,-0.58,812,250756
p043,2024-02-07 02:57:00,249944,-2.95,-3.6,-1589,248355
p043,2024-03-04 18:46:00,249944,2.86,-1.48,-428,249516
p043,2024-04-14 10:50:00,249944,-2.14,-2.52,-1428,248516
p043,2024-05-21 02:15:00,249944,6.33,1.01,266,250210
p043,2024-06-24 19:18:00,249944,10.95,4.41,1190,251134
p043,2024-07-01 21:56:00,249944,1.18,-2.95,-765,249179
p043,2024-08-20 16:12:00,249944,10.32,-1.08,1063,251007
p043,2024-09-21 01:50:00,249944,13.39,2.94,1677,251621
p043,2024-10-08 15:24:00,249944,-2.69,-2.59,-1539,248405
p043,2024-11-21 19:04:00,249944,5.81,3.89,163,250107
p043,2024-12-01 11:59:00,249944,1.48,-3.68,-704,249240
p044,2024-01-28 18:26:00,349852,2.48,0.46,-504,349348
p044,2024-02-06 15:49:00,349852,-3.51,-4.83,-1702,348150
p044,2024-03-03 00:16:00,349852,-0.58,-4.6,-1117,348735
p044,2024-04-02 12:32:00,349852,0.87,1.29,-827,349025
p044,2024-05-17 13:27:00,349852,9.37,-0.98,874,350726
p044,2024-06-21 17:34:00,349852,7.62,-3.47,523,350375
p044,2024-07-03 09:05:00,349852,5.47,4.21,94,349946
p044,2024-08-26 04:34:00,349852,1.69,-1.09,-662,349190
p044,2024-09-21 20:43:00,349852,8.17,-4.34,634,350486
p044,2024-10-23 13:46:00,349852,14.52,3.46,1905,351757
p044,2024-11-02 07:05:00,349852,13.93,-0.66,1787,351639
p044,2024-12-15 19:38:00,349852,-3.88,-1.91,-1775,348077
p045,2024-01-24 21:47:00,238197,-1.41,-3.81,-1281,236916
p045,2024-02-23 04:44:00,238197,-4.77,-3.36,-1954,236243
p045,2024-03-12 16:33:00,238197,11.04,3.23,1207,239404
p045,2024-04-09 05:23:00,238197,-2.4,2.5,-1481,236716
p045,2024-05-28 08:46:00,238197,13.15,-3.82,1630,239827
p045,2024-06-01 10:51:00,238197,3.79,-2.28,-242,237955
p045,2024-07-03 08:45:00,238197,14.96,0.77,1993,240190
p045,2024-08-03 15:29:00,238197,5.46,-1.4,92,238289
p045,2024-09-16 18:10:00,238197,2.53,-3.43,-494,237703
p045,2024-10-25 03:57:00,238197,6.75,1.74,350,238547
p045,2024-11-04 07:47:00,238197,5.42,-4.97,84,238281
p045,2024-12-28 00:15:00,238197,-4.06,-0.28,-1812,236385
p046,2024-01-13 04:11:00,351366,14.07,4.6,1814,353180
p046,2024-02-02 17:51:00,351366,13.71,2.14,1743,353109
p046,2024-03-21 13:14:00,351366,1.59,-2.52,-682,350684
p046,2024-04-24 10:17:00,351366,11.91,-4.22,1383,352749
p046,2024-05-12 03:32:00,351366,8.79,4.02,757,352123
p046,2024-06-06 07:51:00,351366,5.56,4.81,112,351478
p046,2024-07-13 02:56:00,351366,4.53,3.66,-95,351271
p046,2024-08-25 09:20:00,351366,-3.24,0.53,-1647,349719
p046,2024-09-01 11:12:00,351366,0.97,0.64,-806,350560
p046,2024-10-10 23:39:00,351366,-0.04,-0.36,-1007,350359
p046,2024-11-19 15:49:00,351366,10.89,-3.05,1178,352544
p046,2024-12-18 07:09:00,351366,-4.87,4.32,-1974,349392
p047,2024-01-01 07:34:00,205122,2.09,1.36,-582,204540
p047,2024-02-23 00:21:00,205122,-4.97,2.59,-1995,203127
p047,2024-03-13 23:46:00,205122,1.29,-3.96,-741,204381
p047,2024-04-17 07:26:00,205122,5.08,4.61,15,205137
p047,2024-05-05 22:17:00,205122,-3.09,-4.56,-1619,203503
p047,2024-06-08 16:26:00,205122,9.35,3.96,870,205992
p047,2024-07-15 23:05:00,205122,6.89,-4.04,378,205500
p047,2024-08-05 20:52:00,205122,3.07,-4.25,-385,204737
p047,2024-09-19 01:27:00,205122,8.57,4.64,713,205835
p047,2024-10-08 09:16:00,205122,12.43,-1.85,1485,206607
p047,2024-11-26 12:44:00,205122,12.04,2.35,1407,206529
p047,2024-12-11 14:17:00,205122,-0.22,-4.25,-1044,204078
p048,2024-01-07 04:49:00,416623,10.77,0.85,1154,417777
p048,2024-02-05 03:10:00,416623,4.21,-0.34,-159,416464
p048,2024-03-14 03:34:00,416623,2.34,4.65,-533,416090
p048,2024-04-07 14:19:00,416623,4.48,-2.35,-103,416520
p048,2024-05-04 02:10:00,416623,11.54,1.86,1307,417930
p048,2024-06-27 22:44:00,416623,7.36,-4.6,471,417094
p048,2024-07-27 10:09:00,416623,-3.13,2.11,-1627,414996
p048,2024-08-12 12:32:00,416623,-4.0,1.77,-1800,414823
p048,2024-09-09 05:01:00,416623,14.5,-0.96,1899,418522
p048,2024-10-15 17:47:00,416623,6.27,-2.5,253,416876
p048,2024-11-15 03:51:00,416623,11.25,-3.6,1251,417874
p048,2024-12-01 01:53:00,416623,10.99,4.83,1198,417821
p049,2024-01-05 06:52:00,204785,3.2,-1.28,-360,204425
p049,2024-02-21 20:05:00,204785,6.92,0.86,385,205170
p049,2024-03-27 02:01:00,204785,-3.68,-3.02,-1736,203049
p049,2024-04-21 14:51:00,204785,-2.36,-4.08,-1473,203312
p049,2024-05-28 10:07:00,204785,-4.13,4.42,-1826,202959
p049,2024-06-02 05:59:00,204785,6.75,-0.67,350,205135
p049,2024-07-24 12:31:00,204785,-4.4,-1.17,-1880,202905
p049,2024-08-14 05:22:00,204785,-0.61,4.08,-1121,203664
p049,2024-09-09 08:28:00,204785,13.09,-3.51,1618,206403
p049,2024-10-20 19:39:00,204785,0.03,1.47,-994,203791
p049,2024-11-16 13:56:00,204785,6.27,-0.21,255,205040
p049,2024-12-03 08:24:00,204785,-2.19,-0.81,-1438,203347
p050,2024-01-21 16:15:00,61502,7.92,4.94,583,62085
p050,2024-02-18 00:24:00,61502,11.01,2.13,1202,62704
p050,2024-03-16 17:50:00,61502,4.93,-1.56,-15,61487
p050,2024-04-19 16:20:00,61502,2.95,-2.3,-410,61092
p050,2024-05-01 10:38:00,61502,-0.51,-4.71,-1103,60399
p050,2024-06-26 08:03:00,61502,11.56,4.92,1312,62814
p050,2024-07-17 11:49:00,61502,6.96,5.0,392,61894
p050,2024-08-06 03:15:00,61502,8.45,-2.59,690,62192
p050,2024-09-18 23:03:00,61502,10.64,4.96,1129,62631
p050,2024-10-08 18:54:00,61502,11.33,-1.12,1266,62768
p050,2024-11-27 05:11:00,61502,-0.16,0.93,-1032,60470
p050,2024-12-26 23:44:00,61502,2.35,4.14,-531,60971
p051,2024-01-01 22:44:00,395101,2.2,4.48,-560,394541
p051,2024-02-19 04:36:00,395101,14.42,-3.12,1884,396985
p051,2024-03-26 15:34:00,395101,1.32,-3.24,-735,394366
p051,2024-04-02 02:03:00,395101,-0.24,1.02,-1048,394053
p051,2024-05-01 16:30:00,395101,-4.99,-1.68,-1998,393103
p051,2024-06-20 06:51:00,395101,-2.33,-1.59,-1466,393635
p051,2024-07-06 10:03:00,395101,-4.55,-3.52,-1911,393190
p051,2024-08-23 04:49:00,395101,-2.73,3.46,-1546,393555
p051,2024-09-28 11:04:00,395101,2.65,2.05,-470,394631
p051,2024-10-22 12:37:00,395101,-2.94,-1.63,-1587,393514
p051,2024-11-11 04:10:00,395101,10.0,4.49,999,396100
p051,2024-12-26 20:31:00,395101,8.29,-1.83,659,395760
p052,2024-01-23 17:44:00,257516,13.21,4.29,1643,259159
p052,2024-02-26 11:14:00,257516,8.63,0.89,726,258242
p052,2024-03-06 12:19:00,257516,10.03,1.88,1006,258522
p052,2024-04-05 05:46:00,257516,-4.96,4.49,-1993,255523
p052,2024-05-19 12:54:00,257516,10.79,4.65,1157,258673
p052,2024-06-02 05:38:00,257516,1.51,4.21,-697,256819
p052,2024-07-20 07:40:00,257516,6.58,-3.96,316,257832
p052,2024-08-16 04:21:00,257516,10.26,-4.22,1052,258568
p052,2024-09-12 10:10:00,257516,8.03,3.85,605,258121
p052,2024-10-03 22:42:00,257516,8.09,2.29,617,258133
p052,2024-11-11 14:00:00,257516,0.43,-2.9,-914,256602
p052,2024-12-23 02:22:00,257516,0.25,2.87,-949,256567
p053,2024-01-24 00:03:00,193906,2.9,-0.62,-420,193486
p053,2024-02-14 05:56:00,193906,3.47,-0.07,-305,193601
p053,2024-03-13 11:34:00,193906,2.68,-3.99,-463,193443
p053,2024-04-16 18:41:00,193906,10.53,1.87,1105,195011
p053,2024-05-06 14:04:00,193906,11.37,3.46,1273,195179
p053,2024-06-10 00:20:00,193906,0.34,4.52,-931,192975
p053,2024-07-03 10:10:00,193906,13.18,-1.25,1636,195542
p053,2024-08-24 02:35:00,193906,14.29,3.98,1857,195763
p053,2024-09-03 10:38:00,193906,7.56,3.93,513,194419
p053,2024-10-23 00:27:00,193906,14.3,1.54,1860,195766
p053,2024-11-20 13:10:00,193906,-3.91,-3.99,-1781,192125
p053,2024-12-07 06:26:00,193906,9.28,0.54,855,194761
p054,2024-01-24 17:16:00,54245,8.53,-2.18,705,54950
p054,2024-02-08 03:03:00,54245,3.04,0.72,-391,53854
p054,2024-03-27 15:09:00,54245,-3.88,-1.39,-1777,52468
p054,2024-04-14 02:18:00,54245,11.87,1.62,1374,55619
p054,2024-05-20 15:12:00,54245,-3.01,-4.74,-1603,52642
p054,2024-06-06 20:18:00,54245,-3.33,-0.26,-1665,52580
p054,2024-07-04 09:50:00,54245,3.14,-0.29,-372,53873
p054,2024-08-22 08:05:00,54245,8.14,0.44,629,54874
p054,2024-09-06 11:56:00,54245,2.81,-1.31,-438,53807
p054,2024-10-15 01:16:00,54245,4.0,-0.35,-199,54046
p054,2024-11-08 08:36:00,54245,-3.74,-3.49,-1748,52497
p054,2024-12-23 21:06:00,54245,-3.25,1.68,-1649,52596
p055,2024-01-26 17:26:00,346709,14.88,2.56,1976,348685
p055,2024-02-08 17:03:00,346709,12.21,-1.13,1443,348152
p055,2024-03-17 13:34:00,346709,9.07,3.67,814,347523
p055,2024-04-16 18:56:00,346709,-0.17,-0.24,-1035,345674
p055,2024-05-03 12:57:00,346709,12.48,2.14,1497,348206
p055,2024-06-17 18:57:00,346709,5.58,3.0,116,346825
p055,2024-07-22 19:09:00,346709,-2.54,4.49,-1508,345201
p055,2024-08-15 05:10:00,346709,14.91,-2.88,1981,348690
p055,2024-09-07 04:02:00,346709,3.67,-4.22,-266,346443
p055,2024-10-22 13:12:00,346709,11.85,1.27,1369,348078
p055,2024-11-27 19:16:00,346709,1.54,4.11,-691,346018
p055,2024-12-26 02:05:00,346709,2.95,0.56,-411,346298
p056,2024-01-18 10:54:00,409556,0.66,0.2,-869,408687
p056,2024-02-28 00:50:00,409556,9.34,1.23,868,410424
p056,2024-03-17 13:07:00,409556,3.48,-3.5,-303,409253
p056,2024-04-19 18:37:00,409556,10.53,4.65,1106,410662
p056,2024-05-04 03:36:00,409556,10.96,-3.99,1193,410749
p056,2024-06-10 17:56:00,409556,2.04,3.78,-592,408964
p056,2024-07-09 12:41:00,409556,4.94,0.72,-12,409544
p056,2024-08-16 01:11:00,409556,0.64,-0.97,-872,408684
p056,2024-09-20 19:43:00,409556,9.21,-0.98,841,410397
p056,2024-10-13 10:44:00,409556,-0.13,-4.51,-1027,408529
p056,2024-11-16 08:57:00,409556,2.62,-4.8,-475,409081
p056,2024-12-27 09:19:00,409556,0.74,3.43,-852,408704
p057,2024-01-28 22:43:00,440420,-2.99,4.72,-1598,438822
p057,2024-02-08 04:19:00,440420,14.95,2.44,1990,442410
p057,2024-03-25 10:17:00,440420,9.92,-0.83,985,441405
p057,2024-04-21 02:12:00,440420,4.04,-2.89,-191,440229
p057,2024-05-27 13:47:00,440420,4.92,2.59,-16,440404
p057,2024-06-28 11:52:00,440420,-3.85,0.15,-1770,438650
p057,2024-07-06 02:19:00,440420,9.53,0.07,906,441326
p057,2024-08-05 16:56:00,440420,6.65,-4.71,329,440749
p057,2024-09-07 06:53:00,440420,-3.82,-2.51,-1764,438656
p057,2024-10-15 01:58:00,440420,2.38,2.05,-524,439896
p057,2024-11-09 11:52:00,440420,4.51,0.05,-99,440321
p057,2024-12-21 03:43:00,440420,-4.38,-2.58,-1875,438545
p058,2024-01-16 19:28:00,75713,-1.37,4.61,-1273,74440
p058,2024-02-16 18:35:00,75713,2.16,-1.56,-568,75145
p058,2024-03-27 08:47:00,75713,12.02,1.89,1403,77116
p058,2024-04-10 00:24:00,75713,-3.98,-3.37,-1797,73916
p058,2024-05-19 06:54:00,75713,-0.47,1.47,-1094,74619
p058,2024-06-22 06:17:00,75713,8.34,-0.9,668,76381
p058,2024-07-01 21:00:00,75713,4.71,4.12,-59,75654
p058,2024-08-21 05:38:00,75713,11.4,-4.92,1280,76993
p058,2024-09-09 19:51:00,75713,14.31,-1.95,1862,77575
p058,2024-10-23 20:17:00,75713,3.68,3.95,-265,75448
p058,2024-11-28 11:29:00,75713,0.16,-2.82,-968,74745
p058,2024-12-10 21:33:00,75713,11.88,1.24,1376,77089
p059,2024-01-19 03:00:00,367931,5.48,4.99,95,368026
p059,2024-02-27 11:35:00,367931,8.25,0.94,651,368582
p059,2024-03-10 09:43:00,367931,-2.79,-0.18,-1558,366373
p059,2024-04-11 08:40:00,367931,1.65,3.61,-669,367262
p059,2024-05-09 20:45:00,367931,14.5,3.92,1900,369831
p059,2024-06-10 06:09:00,367931,5.59,2.65,118,368049
p059,2024-07-02 19:25:00,367931,8.53,-1.8,705,368636
p059,2024-08-05 23:01:00,367931,8.42,-0.03,684,368615
p059,2024-09-10 08:58:00,367931,3.57,-0.95,-286,367645
p059,2024-10-24 01:37:00,367931,9.5,4.95,900,368831
p059,2024-11-27 06:21:00,367931,9.88,2.13,975,368906
p059,2024-12-22 17:40:00,367931,11.07,-0.24,1214,369145
p060,2024-01-22 11:32:00,440684,1.15,3.45,-771,439913
p060,2024-02-27 21:56:00,440684,6.43,-3.19,286,440970
p060,2024-03-04 15:08:00,440684,10.17,-2.41,1034,441718
p060,2024-04-26 17:48:00,440684,13.69,-3.17,1738,442422
p060,2024-05-22 10:41:00,440684,-3.17,-2.78,-1635,439049
p060,2024-06-08 23:55:00,440684,1.28,-0.8,-743,439941
p060,2024-07-11 11:16:00,440684,6.99,-2.06,398,441082
p060,2024-08-28 03:30:00,440684,-3.91,3.66,-1781,438903
p060,2024-09-19 18:39:00,440684,-3.54,-0.28,-1709,438975
p060,2024-10-07 16:07:00,440684,12.77,1.81,1553,442237
p060,2024-11-17 09:26:00,440684,-3.9,3.71,-1779,438905
p060,2024-12-05 04:12:00,440684,2.02,-0.91,-597,440087
p061,2024-01-19 14:09:00,310428,1.47,3.62,-705,309723
p061,2024-02-06 02:31:00,310428,1.81,1.31,-638,309790
p061,2024-03-06 10:40:00,310428,-3.81,-4.95,-1763,308665
p061,2024-04-09 06:48:00,310428,10.84,-3.31,1168,311596
p061,2024-05-25 05:31:00,310428,11.08,2.64,1216,311644
p061,2024-06-03 04:39:00,310428,3.88,1.33,-224,310204
p061,2024-07-13 13:30:00,310428,2.85,-4.95,-430,309998
p061,2024-08-18 06:46:00,310428,2.64,4.5,-472,309956
p061,2024-09-11 16:12:00,310428,-4.63,1.77,-1927,308501
p061,2024-10-21 23:15:00,310428,-0.37,1.94,-1074,309354
p061,2024-11-12 09:08:00,310428,-2.9,-1.16,-1580,308848
p061,2024-12-19 09:10:00,310428,-3.67,3.24,-1733,308695
p062,2024-01-10 09:29:00,200048,9.9,0.2,981,201029
p062,2024-02-17 10:27:00,200048,13.18,1.87,1637,201685
p062,2024-03-05 10:57:00,200048,5.04,-1.41,7,200055
p062,2024-04-07 05:58:00,200048,13.8,3.12,1760,201808
p062,2024-05-01 07:14:00,200048,9.89,4.85,978,201026
p062,2024-06-07 23:01:00,200048,7.07,0.05,415,200463
p062,2024-07-04 11:45:00,200048,8.32,2.92,664,200712
p062,2024-08-13 20:16:00,200048,10.79,0.35,1159,201207
p062,2024-09-02 19:03:00,200048,8.55,-3.92,711,200759
p062,2024-10-27 00:03:00,200048,9.12,-3.84,825,200873
p062,2024-11-15 12:07:00,200048,6.21,-2.47,241,200289
p062,2024-12-23 04:13:00,200048,9.23,1.86,847,200895
p063,2024-01-01 09:26:00,170648,8.55,-3.99,710,171358
p063,2024-02-17 08:39:00,170648,7.4,2.01,480,171128
p063,2024-03-14 03:32:00,170648,9.72,1.18,944,171592
p063,2024-04-10 03:50:00,170648,-2.83,-0.02,-1565,169083
p063,2024-05-20 06:49:00,170648,0.38,3.31,-923,169725
p063,2024-06-07 11:45:00,170648,3.39,-2.05,-322,170326
p063,2024-07-02 17:31:00,170648,13.64,-2.92,1728,172376
p063,2024-08-16 10:15:00,170648,-4.95,-4.87,-1989,168659
p063,2024-09-03 03:53:00,170648,6.75,1.69,351,170999
p063,2024-10-05 02:49:00,170648,5.48,-4.25,95,170743
p063,2024-11-24 03:57:00,170648,0.24,1.44,-952,169696
p063,2024-12-15 09:16:00,170648,4.51,-4.5,-99,170549
p064,2024-01-27 05:55:00,368276,-4.2,3.52,-1839,366437
p064,2024-02-12 21:20:00,368276,3.72,2.39,-256,368020
p064,2024-03-04 01:00:00,368276,12.45,-3.62,1489,369765
p064,2024-04-21 05:21:00,368276,2.32,3.95,-536,367740
p064,2024-05-20 08:56:00,368276,10.01,-4.07,1002,369278
p064,2024-06-27 10:11:00,368276,-2.67,-0.99,-1534,366742
p064,2024-07-15 08:53:00,368276,2.89,1.9,-421,367855
p064,2024-08-16 13:41:00,368276,13.14,2.97,1629,369905
p064,2024-09-04 04:44:00,368276,9.88,-4.41,975,369251
p064,2024-10-28 05:06:00,368276,3.52,4.11,-296,367980
p064,2024-11-16 18:43:00,368276,3.97,-3.19,-206,368070
p064,2024-12-13 11:39:00,368276,-4.41,3.63,-1882,366394
p065,2024-01-27 23:57:00,234717,-2.32,-0.17,-1465,233252
p065,2024-02-16 03:56:00,234717,3.42,-0.59,-316,234401
p065,2024-03-03 08:41:00,234717,1.43,-4.88,-713,234004
p065,2024-04-28 21:33:00,234717,10.71,2.44,1143,235860
p065,2024-05-24 18:14:00,234717,14.57,1.7,1914,236631
p065,2024-06-11 16:33:00,234717,9.09,2.01,819,235536
p065,2024-07-04 13:42:00,234717,9.88,-2.51,976,235693
p065,2024-08-12 21:43:00,234717,8.13,-1.15,627,235344
p065,2024-09-27 17:57:00,234717,7.55,-4.45,510,235227
p065,2024-10-21 05:32:00,234717,12.38,-0.31,1476,236193
p065,2024-11-16 05:04:00,234717,10.38,-0.08,1077,235794
p065,2024-12-08 10:17:00,234717,-3.97,0.07,-1794,232923
p066,2024-01-18 20:24:00,164821,3.26,3.17,-349,164472
p066,2024-02-03 14:28:00,164821,11.41,0.73,1281,166102
p066,2024-03-03 15:28:00,164821,1.47,-3.81,-706,164115
p066,2024-04-16 23:41:00,164821,-4.64,-3.97,-1928,162893
p066,2024-05-14 01:35:00,164821,6.25,-5.0,249,165070
p066,2024-06-03 19:39:00,164821,8.06,-1.95,611,165432
p066,2024-07-17 17:13:00,164821,8.41,1.71,681,165502
p066,2024-08-11 11:52:00,164821,-3.89,3.17,-1778,163043
p066,2024-09-28 14:21:00,164821,6.47,2.67,294,165115
p066,2024-10-20 15:45:00,164821,8.45,-1.37,691,165512
p066,2024-11-15 03:06:00,164821,10.55,1.59,1110,165931
p066,2024-12-01 10:22:00,164821,12.0,1.34,1399,166220
p067,2024-01-26 09:35:00,383771,5.69,-1.26,138,383909
p067,2024-02-04 01:57:00,383771,-1.64,-0.08,-1328,382443
p067,2024-03-27 22:47:00,383771,9.78,-0.91,955,384726
p067,2024-04-09 19:12:00,383771,-1.16,-3.79,-1232,382539
p067,2024-05-28 12:13:00,383771,4.36,3.25,-128,383643
p067,2024-06-07 22:21:00,383771,-2.79,2.57,-1559,382212
p067,2024-07-02 20:53:00,383771,8.77,0.89,753,384524
p067,2024-08-25 14:29:00,383771,8.48,0.89,697,384468
p067,2024-09-17 04:31:00,383771,-4.92,0.3,-1983,381788
p067,2024-10-02 17:59:00,383771,3.86,3.39,-228,383543
p067,2024-11-16 16:49:00,383771,13.87,4.1,1773,385544
p067,2024-12-23 18:11:00,383771,9.96,3.15,992,384763
p068,2024-01-04 12:42:00,149683,7.29,1.06,459,150142
p068,2024-02-11 16:56:00,149683,2.88,-0.81,-425,149258
p068,2024-03-20 22:48:00,149683,0.08,-2.26,-984,148699
p068,2024-04-11 09:28:00,149683,11.48,-3.67,1296,150979
p068,2024-05-14 19:44:00,149683,13.15,2.48,1630,151313
p068,2024-06-10 22:35:00,149683,12.62,-1.86,1525,151208
p068,2024-07-24 17:40:00,149683,-0.55,-2.99,-1110,148573
p068,2024-08-20 22:18:00,149683,9.06,-1.55,812,150495
p068,2024-09-22 04:45:00,149683,8.31,4.75,662,150345
p068,2024-10-06 16:34:00,149683,9.21,1.37,843,150526
p068,2024-11-23 03:48:00,149683,2.21,0.62,-558,149125
p068,2024-12-19 18:42:00,149683,9.54,-0.83,908,150591
p069,2024-01-24 17:18:00,375525,12.97,3.47,1594,377119
p069,2024-02-26 00:33:00,375525,-2.82,-4.75,-1564,373961
p069,2024-03-05 01:42:00,375525,-3.84,-3.0,-1769,373756
p069,2024-04-25 05:18:00,375525,8.99,-2.49,799,376324
p069,2024-05-27 01:44:00,375525,11.06,-2.05,1212,376737
p069,2024-06-25 17:02:00,375525,2.35,3.14,-531,374994
p069,2024-07-04 19:55:00,375525,8.83,2.39,766,376291
p069,2024-08-28 07:47:00,375525,8.25,0.61,650,376175
p069,2024-09-08 16:50:00,375525,11.31,2.99,1263,376788
p069,2024-10-10 22:42:00,375525,-4.04,4.26,-1808,373717
p069,2024-11-13 13:50:00,375525,14.98,1.85,1996,377521
p069,2024-12-18 01:00:00,375525,10.23,-2.49,1046,376571
p070,2024-01-20 14:53:00,181400,-0.38,4.11,-1077,180323
p070,2024-02-23 22:41:00,181400,2.53,2.55,-494,180906
p070,2024-03-18 23:38:00,181400,-0.98,2.76,-1196,180204
p070,2024-04-07 09:28:00,181400,-1.37,4.83,-1274,180126
p070,2024-05-03 05:11:00,181400,10.05,0.14,1010,182410
p070,2024-06-13 01:27:00,181400,0.71,0.57,-857,180543
p070,2024-07-05 05:37:00,181400,12.32,-2.45,1465,182865
p070,2024-08-11 14:45:00,181400,14.2,-3.45,1839,183239
p070,2024-09-05 10:38:00,181400,-3.96,2.74,-1792,179608
p070,2024-10-21 19:53:00,181400,8.55,-1.99,711,182111
p070,2024-11-26 18:35:00,181400,2.33,-4.27,-534,180866
p070,2024-12-23 10:33:00,181400,-0.5,4.57,-1100,180300
p071,2024-01-17 02:50:00,405343,5.34,-3.41,69,405412
p071,2024-02-18 17:25:00,405343,-3.12,-1.51,-1624,403719
p071,2024-03-07 21:21:00,405343,1.78,-1.39,-644,404699
p071,2024-04-07 19:33:00,405343,4.72,4.97,-55,405288
p071,2024-05-27 20:00:00,405343,-2.66,1.69,-1531,403812
p071,2024-06-15 07:57:00,405343,8.15,1.14,630,405973
p071,2024-07-20 07:02:00,405343,8.97,3.86,795,406138
p071,2024-08-13 03:24:00,405343,0.25,0.4,-950,404393
p071,2024-09-10 00:58:00,405343,5.59,3.22,117,405460
p071,2024-10-12 16:51:00,405343,5.42,-0.54,83,405426
p071,2024-11-02 09:57:00,405343,8.34,-3.07,668,406011
p071,2024-12-17 02:06:00,405343,-1.57,4.72,-1315,404028
p072,2024-01-25 17:34:00,446140,-4.85,1.27,-1970,444170
p072,2024-02-07 21:40:00,446140,10.84,-2.87,1168,447308
p072,2024-03-22 13:53:00,446140,-2.88,-2.94,-1575,444565
p072,2024-04-27 22:56:00,446140,14.99,2.41,1998,448138
p072,2024-05-14 20:52:00,446140,14.25,-4.28,1849,447989
p072,2024-06-22 04:01:00,446140,4.4,2.17,-120,446020
p072,2024-07-02 02:04:00,446140,-3.89,-3.22,-1778,444362
p072,2024-08-09 17:04:00,446140,6.78,3.22,355,446495
p072,2024-09-09 13:24:00,446140,4.23,1.3,-153,445987
p072,2024-10-14 10:01:00,446140,2.97,1.73,-405,445735
p072,2024-11-18 00:41:00,446140,9.75,1.18,950,447090
p072,2024-12-25 23:37:00,446140,-4.07,2.01,-1814,444326
p073,2024-01-03 11:59:00,427974,5.3,-3.94,59,428033
p073,2024-02-26 21:19:00,427974,7.42,-4.13,484,428458
p073,2024-03-25 14:24:00,427974,3.09,3.22,-382,427592
p073,2024-04-01 15:10:00,427974,5.93,-2.8,185,428159
p073,2024-05-24 12:50:00,427974,11.33,3.49,1266,429240
p073,2024-06-10 20:09:00,427974,1.1,1.77,-780,427194
p073,2024-07-26 23:41:00,427974,2.64,4.57,-472,427502
p073,2024-08-01 17:55:00,427974,6.37,-3.59,273,428247
p073,2024-09-02 00:36:00,427974,7.21,-1.06,443,428417
p073,2024-10-18 02:19:00,427974,-0.7,2.48,-1140,426834
p073,2024-11-24 11:13:00,427974,3.45,4.06,-310,427664
p073,2024-12-28 16:09:00,427974,-1.71,-3.16,-1341,426633
p074,2024-01-20 08:12:00,395600,-2.66,-3.19,-1531,394069
p074,2024-02-26 18:54:00,395600,-3.89,3.51,-1778,393822
p074,2024-03-18 14:41:00,395600,6.25,-4.27,251,395851
p074,2024-04-22 02:16:00,395600,-2.99,-3.03,-1598,394002
p074,2024-05-19 15:21:00,395600,2.31,-3.72,-538,395062
p074,2024-06-21 07:06:00,395600,0.83,1.2,-833,394767
p074,2024-07-07 10:31:00,395600,4.22,-1.72,-155,395445
p074,2024-08-22 09:44:00,395600,6.96,-3.48,392,395992
p074,2024-09-19 11:51:00,395600,1.47,4.59,-705,394895
p074,2024-10-06 00:20:00,395600,0.04,2.86,-992,394608
p074,2024-11-23 23:41:00,395600,3.93,-2.23,-214,395386
p074,2024-12-12 04:43:00,395600,10.01,-1.68,1002,396602
p075,2024-01-16 14:28:00,406964,2.35,2.75,-531,406433
p075,2024-02-16 17:06:00,406964,-1.41,1.46,-1281,405683
p075,2024-03-03 08:54:00,406964,11.92,-3.6,1385,408349
p075,2024-04-18 06:16:00,406964,10.02,3.86,1004,407968
p075,2024-05-03 23:04:00,406964,13.27,-4.81,1654,408618
p075,2024-06-17 20:01:00,406964,11.64,0.82,1328,408292
p075,2024-07-13 18:13:00,406964,13.56,-4.63,1712,408676
p075,2024-08-09 17:57:00,406964,6.05,-0.28,210,407174
p075,2024-09-25 04:23:00,406964,3.04,-2.77,-393,406571
p075,2024-10-25 18:46:00,406964,12.55,-2.09,1510,408474
p075,2024-11-15 16:32:00,406964,-3.15,-1.03,-1630,405334
p075,2024-12-17 00:42:00,406964,-0.11,3.48,-1022,405942
p076,2024-01-26 19:43:00,121711,-1.6,2.57,-1321,120390
p076,2024-02-05 14:10:00,121711,-1.33,0.66,-1267,120444
p076,2024-03-19 21:55:00,121711,14.82,-3.54,1963,123674
p076,2024-04-24 15:22:00,121711,-4.17,-2.81,-1835,119876
p076,2024-05-16 07:04:00,121711,0.41,-1.31,-918,120793
p076,2024-06-02 21:13:00,121711,5.61,4.08,121,121832
p076,2024-07-12 12:30:00,121711,13.79,-0.45,1759,123470
p076,2024-08-02 01:41:00,121711,1.63,-3.97,-673,121038
p076,2024-09-17 20:53:00,121711,0.6,3.35,-880,120831
p076,2024-10-09 18:34:00,121711,6.68,-3.26,335,122046
p076,2024-11-21 12:23:00,121711,7.04,1.53,407,122118
p076,2024-12-27 02:33:00,121711,0.15,-1.24,-970,120741
p077,2024-01-08 16:25:00,379382,2.23,3.17,-555,378827
p077,2024-02-12 15:50:00,379382,4.87,3.87,-26,379356
p077,2024-03-01 16:56:00,379382,-2.16,-0.6,-1431,377951
p077,2024-04-08 02:32:00,379382,8.17,-2.19,635,380017
p077,2024-05-05 05:10:00,379382,2.42,1.02,-517,378865
p077,2024-06-27 03:42:00,379382,-0.29,-0.85,-1057,378325
p077,2024-07-11 23:07:00,379382,4.86,1.75,-28,379354
p077,2024-08-16 06:37:00,379382,-1.7,1.47,-1340,378042
p077,2024-09-14 00:15:00,379382,-4.12,-3.72,-1824,377558
p077,2024-10-19 05:08:00,379382,7.89,0.13,578,379960
p077,2024-11-19 04:03:00,379382,-1.59,-2.42,-1319,378063
p077,2024-12-06 16:25:00,379382,7.27,4.69,454,379836
p078,2024-01-21 00:56:00,100941,9.73,2.28,947,101888
p078,2024-02-27 09:05:00,100941,-0.56,-0.51,-1113,99828
p078,2024-03-16 15:10:00,100941,-0.51,3.3,-1102,99839
p078,2024-04-20 04:50:00,100941,6.93,3.2,386,101327
p078,2024-05-06 19:42:00,100941,5.46,-2.35,92,101033
p078,2024-06-24 21:21:00,100941,13.89,-0.47,1777,102718
p078,2024-07-19 02:14:00,100941,2.74,-1.15,-451,100490
p078,2024-08-04 00:12:00,100941,5.71,3.6,141,101082
p078,2024-09-17 21:26:00,100941,11.92,-3.5,1385,102326
p078,2024-10-04 05:30:00,100941,13.46,1.15,1692,102633
p078,2024-11-02 17:32:00,100941,10.4,-3.82,1081,102022
p078,2024-12-16 21:08:00,100941,13.47,1.03,1694,102635
p079,2024-01-27 00:57:00,378968,14.2,2.75,1840,380808
p079,2024-02-21 13:33:00,378968,3.62,-1.3,-277,378691
p079,2024-03-02 22:33:00,378968,3.79,-2.71,-243,378725
p079,2024-04-26 15:50:00,378968,10.74,-1.19,1148,380116
p079,2024-05-19 23:58:00,378968,10.6,3.37,1119,380087
p079,2024-06-19 03:27:00,378968,-2.26,-2.45,-1452,377516
p079,2024-07-25 07:58:00,378968,12.59,-4.16,1518,380486
p079,2024-08-20 17:26:00,378968,0.27,-3.11,-945,378023
p079,2024-09-23 23:50:00,378968,-4.86,0.78,-1971,376997
p079,2024-10-04 16:00:00,378968,2.68,1.55,-464,378504
p079,2024-11-23 10:26:00,378968,2.42,-3.93,-517,378451
p079,2024-12-14 20:37:00,378968,0.19,-2.39,-962,378006
p080,2024-01-18 13:36:00,388868,2.49,1.12,-503,388365
p080,2024-02-22 12:48:00,388868,-0.83,-0.87,-1166,387702
p080,2024-03-26 17:30:00,388868,-1.34,-1.3,-1268,387600
p080,2024-04-18 15:16:00,388868,1.28,0.78,-744,388124
p080,2024-05-25 22:25:00,388868,10.06,-3.62,1013,389881
p080,2024-06-28 21:07:00,388868,10.32,-2.7,1063,389931
p080,2024-07-26 22:10:00,388868,-2.95,-2.86,-1590,387278
p080,2024-08-13 10:51:00,388868,6.27,1.14,255,389123
p080,2024-09-22 22:03:00,388868,-1.71,-1.11,-1342,387526
p080,2024-10-21 00:51:00,388868,-3.13,3.23,-1627,387241
p080,2024-11-16 19:27:00,388868,-3.2,-4.36,-1639,387229
p080,2024-12-08 11:05:00,388868,7.47,-4.62,494,389362
p081,2024-01-13 12:39:00,70668,8.43,0.21,687,71355
p081,2024-02-23 19:03:00,70668,14.37,2.74,1873,72541
p081,2024-03-06 20:31:00,70668,3.99,-4.89,-202,70466
p081,2024-04-28 21:59:00,70668,11.46,0.18,1292,71960
p081,2024-05-07 01:50:00,70668,7.28,0.11,455,71123
p081,2024-06-23 07:39:00,70668,-1.53,1.74,-1306,69362
p081,2024-07-12 07:41:00,70668,-5.0,4.76,-1999,68669
p081,2024-08-03 08:49:00,70668,3.18,-1.47,-364,70304
p081,2024-09-13 12:37:00,70668,-0.9,0.18,-1180,69488
p081,2024-10-24 22:04:00,70668,13.82,-4.1,1764,72432
p081,2024-11-10 23:53:00,70668,6.45,4.15,290,70958
p081,2024-12-12 11:52:00,70668,0.66,-2.74,-868,69800
p082,2024-01-07 14:59:00,211969,3.27,0.75,-346,211623
p082,2024-02-09 05:26:00,211969,5.37,-3.94,73,212042
p082,2024-03-03 16:18:00,211969,1.96,4.47,-608,211361
p082,2024-04-26 16:16:00,211969,12.94,0.38,1588,213557
p082,2024-05-26 18:16:00,211969,9.21,-0.57,843,212812
p082,2024-06-13 18:30:00,211969,10.77,-2.57,1153,213122
p082,2024-07-11 14:43:00,211969,4.44,3.97,-113,211856
p082,2024-08-28 00:30:00,211969,-2.62,-2.42,-1524,210445
p082,2024-09-13 20:50:00,211969,-0.49,1.77,-1098,210871
p082,2024-10-08 10:26:00,211969,14.56,-1.47,1913,213882
p082,2024-11-18 00:44:00,211969,12.04,-2.37,1408,213377
p082,2024-12-10 02:25:00,211969,8.79,2.49,759,212728
p083,2024-01-11 02:35:00,281118,14.07,-3.22,1814,282932
p083,2024-02-11 11:13:00,281118,13.31,0.74,1663,282781
p083,2024-03-06 23:43:00,281118,14.05,4.1,1810,282928
p083,2024-04-16 23:12:00,281118,-0.2,2.35,-1039,280079
p083,2024-05-28 08:13:00,281118,-0.31,-2.97,-1062,280056
p083,2024-06-08 19:22:00,281118,-1.81,2.79,-1362,279756
p083,2024-07-04 02:43:00,281118,14.57,1.63,1914,283032
p083,2024-08-20 00:48:00,281118,12.55,0.41,1510,282628
p083,2024-09-02 15:23:00,281118,7.71,-1.85,542,281660
p083,2024-10-19 08:31:00,281118,-1.25,4.84,-1251,279867
p083,2024-11-17 08:25:00,281118,-0.46,2.5,-1091,280027
p083,2024-12-05 01:33:00,281118,11.37,-0.77,1273,282391
p084,2024-01-18 01:32:00,67492,2.11,-1.06,-578,66914
p084,2024-02-22 05:29:00,67492,15.0,-3.8,1999,69491
p084,2024-03-17 14:20:00,67492,9.12,-4.92,823,68315
p084,2024-04-22 06:24:00,67492,6.89,-3.99,379,67871
p084,2024-05-12 19:55:00,67492,0.31,-3.13,-937,66555
p084,2024-06-09 07:17:00,67492,4.65,4.59,-70,67422
p084,2024-07-11 11:11:00,67492,5.21,-0.76,42,67534
p084,2024-08-14 22:48:00,67492,2.62,-1.35,-476,67016
p084,2024-09-13 08:28:00,67492,-1.32,0.71,-1264,66228
p084,2024-10-19 21:14:00,67492,11.67,-4.0,1334,68826
p084,2024-11-09 07:35:00,67492,3.85,3.56,-230,67262
p084,2024-12-07 04:51:00,67492,14.64,2.39,1928,69420
p085,2024-01-16 00:11:00,353863,3.63,-0.0,-274,353589
p085,2024-02-28 20:33:00,353863,5.93,2.21,187,354050
p085,2024-03-26 15:19:00,353863,0.13,0.62,-973,352890
p085,2024-04-19 01:25:00,353863,-2.97,1.91,-1595,352268
p085,2024-05-02 06:52:00,353863,0.21,-0.23,-959,352904
p085,2024-06-21 03:28:00,353863,10.24,-1.65,1049,354912
p085,2024-07-12 11:35:00,353863,6.41,4.32,283,354146
p085,2024-08-09 11:01:00,353863,3.43,-3.79,-314,353549
p085,2024-09-28 21:38:00,353863,-0.93,0.77,-1186,352677
p085,2024-10-21 20:34:00,353863,-1.43,4.79,-1286,352577
p085,2024-11-10 11:20:00,353863,8.79,0.1,757,354620
p085,2024-12-25 23:28:00,353863,13.21,-4.22,1643,355506
p086,2024-01-20 09:29:00,241292,7.94,4.57,587,241879
p086,2024-02-28 05:40:00,241292,11.54,4.29,1308,242600
p086,2024-03-14 20:39:00,241292,6.71,-0.95,341,241633
p086,2024-04-03 02:10:00,241292,2.04,-2.72,-593,240699
p086,2024-05-11 20:18:00,241292,9.54,-2.33,909,242201
p086,2024-06-21 12:17:00,241292,13.17,-0.55,1635,242927
p086,2024-07-28 11:47:00,241292,7.02,0.21,404,241696
p086,2024-08-15 13:10:00,241292,-1.23,3.54,-1247,240045
p086,2024-09-05 23:15:00,241292,8.55,-2.48,711,242003
p086,2024-10-24 22:47:00,241292,-3.37,-2.89,-1673,239619
p086,2024-11-13 03:06:00,241292,-3.69,4.37,-1739,239553
p086,2024-12-16 17:03:00,241292,-4.46,2.71,-1893,239399
p087,2024-01-17 02:06:00,433967,0.38,1.18,-925,433042
p087,2024-02-03 20:59:00,433967,13.13,-1.1,1626,435593
p087,2024-03-08 07:47:00,433967,0.82,-0.57,-837,433130
p087,2024-04-05 04:33:00,433967,12.17,-3.29,1434,435401
p087,2024-05-02 21:22:00,433967,12.62,4.15,1524,435491
p087,2024-06-28 15:29:00,433967,14.96,3.71,1993,435960
p087,2024-07-09 17:28:00,433967,-2.23,4.7,-1447,432520
p087,2024-08-23 17:11:00,433967,7.1,0.98,420,434387
p087,2024-09-21 23:40:00,433967,12.96,0.64,1593,435560
p087,2024-10-17 20:40:00,433967,5.93,-1.9,186,434153
p087,2024-11-12 15:34:00,433967,-0.35,3.05,-1070,432897
p087,2024-12-15 09:23:00,433967,3.44,-2.4,-312,433655
p088,2024-01-10 00:00:00,118897,5.71,3.15,143,119040
p088,2024-02-28 04:22:00,118897,0.87,-0.31,-826,118071
p088,2024-03-01 22:59:00,118897,5.07,4.47,14,118911
p088,2024-04-16 09:00:00,118897,10.69,-0.7,1137,120034
p088,2024-05-10 19:14:00,118897,11.31,-4.93,1263,120160
p088,2024-06-12 06:26:00,118897,13.07,0.61,1613,120510
p088,2024-07-13 07:10:00,118897,9.64,2.37,928,119825
p088,2024-08-13 12:14:00,118897,0.38,-4.21,-923,117974
p088,2024-09-21 07:33:00,118897,10.65,3.0,1131,120028
p088,2024-10-20 22:43:00,118897,0.56,-2.15,-887,118010
p088,2024-11-24 17:51:00,118897,0.5,-0.87,-899,117998
p088,2024-12-28 02:11:00,118897,-2.2,-2.1,-1441,117456
p089,2024-01-21 14:39:00,97255,4.27,-2.28,-146,97109
p089,2024-02-20 15:12:00,97255,1.56,-4.81,-687,96568
p089,2024-03-02 17:01:00,97255,-1.19,4.72,-1239,96016
p089,2024-04-10 08:08:00,97255,9.64,-0.62,929,98184
p089,2024-05-01 07:05:00,97255,-1.92,-4.85,-1383,95872
p089,2024-06-07 10:26:00,97255,1.38,2.86,-724,96531
p089,2024-07-16 11:29:00,97255,9.27,2.91,854,98109
p089,2024-08-11 02:53:00,97255,10.37,4.52,1074,98329
p089,2024-09-02 08:49:00,97255,3.04,-4.29,-393,96862
p089,2024-10-16 05:12:00,97255,13.34,3.42,1668,98923
p089,2024-11-27 12:53:00,97255,-4.75,-3.78,-1949,95306
p089,2024-12-25 22:15:00,97255,2.88,2.71,-424,96831
p090,2024-01-15 07:47:00,204722,-4.31,-3.01,-1863,202859
p090,2024-02-24 03:33:00,204722,8.63,4.82,727,205449
p090,2024-03-16 12:43:00,204722,14.68,-1.88,1937,206659
p090,2024-04-11 05:40:00,204722,9.91,-4.58,982,205704
p090,2024-05-18 16:07:00,204722,0.18,-0.19,-963,203759
p090,2024-06-10 06:23:00,204722,13.17,-4.48,1635,206357
p090,2024-07-22 06:07:00,204722,-0.17,1.33,-1034,203688
p090,2024-08-11 00:10:00,204722,11.27,-2.24,1253,205975
p090,2024-09-04 12:50:00,204722,-0.03,-4.91,-1005,203717
p090,2024-10-02 18:50:00,204722,9.15,-0.25,829,205551
p090,2024-11-20 04:23:00,204722,10.79,-4.11,1157,205879
p090,2024-12-06 15:05:00,204722,9.05,1.19,809,205531
p091,2024-01-25 20:03:00,221294,-3.78,-1.44,-1756,219538
p091,2024-02-05 22:34:00,221294,11.21,-3.93,1241,222535
p091,2024-03-16 07:20:00,221294,6.43,2.89,287,221581
p091,2024-04-25 11:51:00,221294,13.26,-0.61,1652,222946
p091,2024-05-07 00:44:00,221294,2.73,-1.42,-453,220841
p091,2024-06-05 08:57:00,221294,-4.2,-0.15,-1839,219455
p091,2024-07-15 17:18:00,221294,6.11,1.97,223,221517
p091,2024-08-07 18:11:00,221294,6.13,-1.52,226,221520
p091,2024-09-24 14:17:00,221294,12.77,3.31,1553,222847
p091,2024-10-28 17:10:00,221294,-3.59,0.31,-1718,219576
p091,2024-11-15 09:52:00,221294,0.39,0.42,-922,220372
p091,2024-12-15 00:49:00,221294,8.06,0.06,613,221907
p092,2024-01-24 05:56:00,441895,-4.62,1.2,-1924,439971
p092,2024-02-12 19:15:00,441895,1.56,2.21,-687,441208
p092,2024-03-22 17:52:00,441895,2.93,-3.1,-413,441482
p092,2024-04-22 15:49:00,441895,6.29,-3.46,258,442153
p092,2024-05-10 10:26:00,441895,8.12,-1.78,625,442520
p092,2024-06-04 16:42:00,441895,-3.63,-4.56,-1727,440168
p092,2024-07-05 05:55:00,441895,-4.36,-2.98,-1872,440023
p092,2024-08-16 06:06:00,441895,-4.35,0.71,-1870,440025
p092,2024-09-27 12:42:00,441895,5.03,0.26,6,441901
p092,2024-10-23 18:16:00,441895,-4.0,-1.34,-1799,440096
p092,2024-11-20 22:04:00,441895,-4.74,4.3,-1947,439948
p092,2024-12-07 20:31:00,441895,14.01,3.9,1802,443697
p093,2024-01-03 14:51:00,267843,8.09,-4.39,617,268460
p093,2024-02-18 23:56:00,267843,3.52,3.22,-297,267546
p093,2024-03-26 22:03:00,267843,11.87,1.17,1373,269216
p093,2024-04-17 01:46:00,267843,-3.56,3.34,-1712,266131
p093,2024-05-03 06:33:00,267843,-3.01,-3.99,-1603,266240
p093,2024-06-08 17:24:00,267843,-1.12,-3.07,-1224,266619
p093,2024-07-22 07:36:00,267843,7.8,4.48,561,268404
p093,2024-08-18 23:35:00,267843,3.5,2.46,-300,267543
p093,2024-09-25 20:36:00,267843,2.33,1.74,-534,267309
p093,2024-10-23 21:27:00,267843,13.08,-3.96,1616,269459
p093,2024-11-26 05:35:00,267843,3.22,0.05,-356,267487
p093,2024-12-22 05:34:00,267843,7.29,-0.57,457,268300
p094,2024-01-12 10:35:00,142085,1.64,3.45,-671,141414
p094,2024-02-14 20:27:00,142085,11.91,2.26,1383,143468
p094,2024-03-20 07:36:00,142085,6.17,-2.86,234,142319
p094,2024-04-25 17:59:00,142085,10.24,-2.46,1049,143134
p094,2024-05-15 14:25:00,142085,-5.0,2.26,-2000,140085
p094,2024-06-10 19:01:00,142085,5.6,-3.65,120,142205
p094,2024-07-10 00:19:00,142085,-0.46,-2.85,-1092,140993
p094,2024-08-11 00:49:00,142085,11.83,4.43,1366,143451
p094,2024-09-27 08:58:00,142085,6.33,0.11,267,142352
p094,2024-10-19 18:09:00,142085,-3.07,-4.62,-1614,140471
p094,2024-11-12 04:08:00,142085,0.42,-1.33,-915,141170
p094,2024-12-19 07:14:00,142085,0.24,3.11,-951,141134
p095,2024-01-03 18:25:00,155274,6.65,4.18,330,155604
p095,2024-02-24 02:46:00,155274,1.64,2.93,-671,154603
p095,2024-03-06 15:52:00,155274,13.41,1.9,1682,156956
p095,2024-04-19 03:38:00,155274,8.15,-2.0,630,155904
p095,2024-05-24 18:24:00,155274,-3.4,2.8,-1679,153595
p095,2024-06-25 10:22:00,155274,13.02,3.17,1603,156877
p095,2024-07-14 03:55:00,155274,10.77,-2.73,1155,156429
p095,2024-08-21 19:59:00,155274,-4.77,1.34,-1954,153320
p095,2024-09-21 12:03:00,155274,1.24,0.24,-752,154522
p095,2024-10-11 17:36:00,155274,-1.94,-1.73,-1388,153886
p095,2024-11-23 07:09:00,155274,-3.97,1.74,-1794,153480
p095,2024-12-13 14:48:00,155274,7.18,0.75,437,155711
p096,2024-01-03 07:27:00,119289,0.93,2.86,-814,118475
p096,2024-02-05 04:21:00,119289,-3.31,-0.24,-1662,117627
p096,2024-03-24 01:35:00,119289,3.18,-2.37,-365,118924
p096,2024-04-13 16:27:00,119289,10.85,1.98,1169,120458
p096,2024-05-25 04:30:00,119289,6.45,-3.02,290,119579
p096,2024-06-13 20:36:00,119289,-0.98,0.61,-1197,118092
p096,2024-07-24 16:15:00,119289,-0.04,-4.28,-1008,118281
p096,2024-08-25 13:20:00,119289,9.02,4.24,804,120093
p096,2024-09-03 03:42:00,119289,3.47,-0.76,-306,118983
p096,2024-10-12 06:20:00,119289,2.05,0.94,-589,118700
p096,2024-11-01 09:10:00,119289,2.16,1.16,-568,118721
p096,2024-12-26 14:39:00,119289,-2.02,-0.6,-1403,117886
p097,2024-01-27 07:12:00,332805,9.04,-1.26,807,333612
p097,2024-02-25 23:54:00,332805,-3.25,-3.88,-1649,331156
p097,2024-03-02 07:39:00,332805,13.98,-3.52,1795,334600
p097,2024-04-27 09:00:00,332805,2.03,1.94,-594,332211
p097,2024-05-04 09:28:00,332805,4.64,-4.77,-71,332734
p097,2024-06-07 23:34:00,332805,-0.67,-2.96,-1133,331672
p097,2024-07-17 08:35:00,332805,4.89,1.23,-22,332783
p097,2024-08-05 22:44:00,332805,8.69,-4.82,737,333542
p097,2024-09-19 21:33:00,332805,-4.11,-2.45,-1822,330983
p097,2024-10-02 09:12:00,332805,11.16,1.97,1232,334037
p097,2024-11-09 01:29:00,332805,8.41,4.45,681,333486
p097,2024-12-03 12:42:00,332805,0.55,1.63,-889,331916
p098,2024-01-22 11:55:00,241814,-2.79,-4.81,-1559,240255
p098,2024-02-28 20:24:00,241814,-0.27,4.8,-1054,240760
p098,2024-03-17 22:06:00,241814,13.51,-1.85,1702,243516
p098,2024-04-28 19:34:00,241814,-3.2,-3.14,-1640,240174
p098,2024-05-17 14:35:00,241814,13.97,2.12,1794,243608
p098,2024-06-02 07:59:00,241814,5.84,-1.95,168,241982
p098,2024-07-16 12:47:00,241814,-1.79,-4.82,-1357,240457
p098,2024-08-22 11:22:00,241814,7.8,-1.98,560,242374
p098,2024-09-17 08:51:00,241814,-3.73,1.26,-1747,240067
p098,2024-10-13 00:35:00,241814,14.43,-2.2,1887,243701
p098,2024-11-05 10:57:00,241814,3.04,1.57,-391,241423
p098,2024-12-03 23:24:00,241814,5.66,4.61,132,241946
p099,2024-01-20 20:43:00,328319,-0.34,-0.83,-1069,327250
p099,2024-02-19 04:27:00,328319,14.88,-1.88,1975,330294
p099,2024-03-20 10:28:00,328319,6.1,-3.68,220,328539
p099,2024-04-21 04:37:00,328319,6.09,1.84,217,328536
p099,2024-05-07 04:19:00,328319,9.1,2.05,820,329139
p099,2024-06-17 04:27:00,328319,13.61,4.76,1723,330042
p099,2024-07-05 20:59:00,328319,6.57,4.17,313,328632
p099,2024-08-11 02:35:00,328319,5.91,4.49,183,328502
p099,2024-09-04 05:20:00,328319,12.19,3.8,1438,329757
p099,2024-10-24 00:48:00,328319,1.52,3.8,-695,327624
p099,2024-11-14 13:19:00,328319,4.07,2.46,-186,328133
p099,2024-12-27 20:59:00,328319,10.12,-2.26,1024,329343
p100,2024-01-25 06:06:00,313084,-2.31,-3.15,-1462,311622
p100,2024-02-25 19:39:00,313084,0.46,1.06,-907,312177
p100,2024-03-20 07:38:00,313084,-0.25,-2.69,-1049,312035
p100,2024-04-01 11:05:00,313084,9.09,2.8,818,313902
p100,2024-05-05 16:54:00,313084,7.38,-0.31,476,313560
p100,2024-06-21 11:11:00,313084,12.45,-1.13,1490,314574
p100,2024-07-16 04:10:00,313084,-1.04,-2.74,-1209,311875
p100,2024-08-14 00:59:00,313084,0.53,4.5,-895,312189
p100,2024-09-08 23:42:00,313084,-0.85,2.58,-1170,311914
p100,2024-10-03 05:59:00,313084,14.55,4.86,1910,314994
p100,2024-11-28 19:31:00,313084,9.09,-1.75,817,313901
p100,2024-12-15 07:27:00,313084,3.29,2.76,-342,312742
p101,2024-01-20 23:52:00,192882,2.79,2.2,-442,192440
p101,2024-02-13 19:47:00,192882,6.71,0.94,342,193224
p101,2024-03-17 20:56:00,192882,9.42,2.87,884,193766
p101,2024-04-17 03:28:00,192882,4.36,3.27,-129,192753
p101,2024-05-02 07:33:00,192882,6.01,-1.04,203,193085
p101,2024-06-24 01:35:00,192882,2.93,0.16,-414,192468
p101,2024-07-21 01:12:00,192882,0.96,-0.6,-808,192074
p101,2024-08-10 09:29:00,192882,-1.59,-0.78,-1319,191563
p101,2024-09-20 01:44:00,192882,5.59,4.04,117,192999
p101,2024-10-15 20:28:00,192882,-3.15,2.23,-1630,191252
p101,2024-11-04 05:49:00,192882,6.98,4.38,397,193279
p101,2024-12-23 17:08:00,192882,3.05,-0.86,-390,192492
p102,2024-01-15 00:11:00,136268,4.29,0.9,-142,136126
p102,2024-02-23 06:56:00,136268,4.31,-4.1,-138,136130
p102,2024-03-11 22:41:00,136268,13.57,2.11,1715,137983
p102,2024-04-06 22:46:00,136268,-2.47,-4.09,-1494,134774
p102,2024-05-23 14:40:00,136268,2.43,-4.15,-514,135754
p102,2024-06-23 12:46:00,136268,11.2,4.75,1240,137508
p102,2024-07-20 05:24:00,136268,6.27,-1.19,254,136522
p102,2024-08-25 05:58:00,136268,1.86,0.65,-628,135640
p102,2024-09-22 04:10:00,136268,12.79,-3.55,1558,137826
p102,2024-10-25 22:03:00,136268,3.59,-1.92,-282,135986
p102,2024-11-24 14:18:00,136268,7.82,-3.19,565,136833
p102,2024-12-05 06:00:00,136268,7.75,2.65,550,136818
p103,2024-01-01 14:31:00,184726,12.52,-0.01,1503,186229
p103,2024-02-26 00:38:00,184726,13.08,-0.07,1615,186341
p103,2024-03-07 18:42:00,184726,4.74,-0.46,-52,184674
p103,2024-04-15 02:38:00,184726,7.29,-4.93,458,185184
p103,2024-05-18 08:39:00,184726,7.87,0.58,574,185300
p103,2024-06-27 06:03:00,184726,-1.21,-3.52,-1243,183483
p103,2024-07-21 11:02:00,184726,-2.03,3.54,-1405,183321
p103,2024-08-22 18:53:00,184726,7.36,-2.02,471,185197
p103,2024-09-03 01:06:00,184726,3.54,4.94,-293,184433
p103,2024-10-06 21:18:00,184726,7.52,1.61,503,185229
p103,2024-11-23 19:36:00,184726,11.12,0.62,1224,185950
p103,2024-12-15 23:37:00,184726,2.38,4.31,-525,184201
