portfolioid,datetime,investedvalue,annualreturns,dailychange,gainloss,marketvalue
p001,2024-01-04 14:23:00,200801,8.77,2.49,755,201556
p001,2024-02-09 18:24:00,200801,11.84,1.39,1368,202169
p001,2024-03-12 03:43:00,200801,-0.21,-0.29,-1043,199758
p001,2024-04-20 17:20:00,200801,13.74,1.1,1748,202549
p001,2024-05-21 02:40:00,200801,11.87,-0.36,1374,202175
p001,2024-06-23 09:41:00,200801,3.36,-3.83,-328,200473
p001,2024-07-02 01:19:00,200801,5.08,-3.84,17,200818
p001,2024-08-08 17:08:00,200801,2.96,-0.46,-409,200392
p001,2024-09-22 23:44:00,200801,14.37,0.4,1874,202675
p001,2024-10-19 23:46:00,200801,-1.84,3.85,-1368,199433
p001,2024-11-21 03:53:00,200801,5.02,1.16,4,200805
p001,2024-12-09 01:44:00,200801,2.58,-2.83,-483,200318
p002,2024-01-15 07:54:00,405263,2.43,-4.01,-515,404748
p002,2024-02-22 11:34:00,405263,13.46,4.78,1693,406956
p002,2024-03-12 01:25:00,405263,0.65,-3.1,-870,404393
p002,2024-04-04 14:05:00,405263,8.57,-2.88,714,405977
p002,2024-05-21 19:01:00,405263,-3.96,2.87,-1793,403470
p002,2024-06-08 04:50:00,405263,6.56,-2.95,312,405575
p002,2024-07-27 17:13:00,405263,7.0,-2.84,401,405664
p002,2024-08-28 07:21:00,405263,10.85,-3.52,1171,406434
p002,2024-09-20 00:17:00,405263,12.58,4.84,1516,406779
p002,2024-10-05 17:16:00,405263,11.35,-3.26,1270,406533
p002,2024-11-22 00:08:00,405263,-4.7,-1.42,-1940,403323
p002,2024-12-26 07:37:00,405263,1.63,-4.84,-674,404589
p003,2024-01-09 01:08:00,336574,10.19,-0.79,1038,337612
p003,2024-02-04 23:04:00,336574,4.75,-0.52,-50,336524
p003,2024-03-12 16:37:00,336574,-2.77,-0.48,-1554,335020
p003,2024-04-08 19:02:00,336574,9.89,2.83,978,337552
p003,2024-05-28 21:33:00,336574,1.18,-0.42,-765,335809
p003,2024-06-01 01:30:00,336574,12.35,-0.98,1470,338044
p003,2024-07-22 03:31:00,336574,9.58,4.1,917,337491
p003,2024-08-03 02:20:00,336574,7.46,-3.52,491,337065
p003,2024-09-05 08:39:00,336574,7.96,0.85,593,337167
p003,2024-10-23 10:24:00,336574,7.23,0.31,446,337020
p003,2024-11-15 16:38:00,336574,3.81,-4.01,-238,336336
p003,2024-12-23 03:54:00,336574,8.41,1.51,681,337255
p004,2024-01-25 17:46:00,132824,12.73,-2.85,1545,134369
p004,2024-02-15 07:26:00,132824,1.94,3.27,-612,132212
p004,2024-03-13 13:46:00,132824,-3.05,-1.87,-1611,131213
p004,2024-04-11 21:16:00,132824,2.66,4.54,-467,132357
p004,2024-05-22 15:04:00,132824,-3.13,3.32,-1627,131197
p004,2024-06-03 13:06:00,132824,10.24,2.39,1049,133873
p004,2024-07-26 04:35:00,132824,-3.77,0.86,-1755,131069
p004,2024-08-18 17:21:00,132824,8.72,-3.78,744,133568
p004,2024-09-12 21:48:00,132824,3.66,3.68,-268,132556
p004,2024-10-24 01:18:00,132824,7.29,-1.88,459,133283
p004,2024-11-04 18:32:00,132824,-0.64,-3.45,-1129,131695
p004,2024-12-16 07:54:00,132824,-2.79,-1.5,-1557,131267
p005,2024-01-18 11:07:00,88724,10.62,-2.21,1123,89847
p005,2024-02-08 13:54:00,88724,6.49,4.75,297,89021
p005,2024-03-27 19:39:00,88724,8.82,1.43,764,89488
p005,2024-04-01 19:59:00,88724,8.47,3.29,694,89418
p005,2024-05-09 00:11:00,88724,0.59,2.03,-881,87843
p005,2024-06-10 10:22:00,88724,-4.88,-3.19,-1975,86749
p005,2024-07-05 18:42:00,88724,3.21,-4.3,-359,88365
p005,2024-08-24 20:01:00,88724,-3.12,2.46,-1625,87099
p005,2024-09-07 12:26:00,88724,4.29,-1.59,-142,88582
p005,2024-10-12 09:46:00,88724,1.64,2.77,-672,88052
p005,2024-11-19 19:05:00,88724,13.09,-4.47,1618,90342
p005,2024-12-06 19:03:00,88724,8.8,-4.18,760,89484
p006,2024-01-15 21:27:00,281593,4.95,1.07,-11,281582
p006,2024-02-14 08:13:00,281593,10.46,0.12,1092,282685
p006,2024-03-12 13:07:00,281593,0.8,1.78,-840,280753
p006,2024-04-19 15:33:00,281593,8.66,-1.92,732,282325
p006,2024-05-08 12:38:00,281593,-3.88,-4.92,-1776,279817
p006,2024-06-10 06:49:00,281593,-2.19,2.64,-1438,280155
p006,2024-07-10 10:07:00,281593,-4.84,-0.03,-1969,279624
p006,2024-08-14 05:08:00,281593,2.79,0.33,-443,281150
p006,2024-09-08 16:35:00,281593,12.06,1.68,1413,283006
p006,2024-10-12 02:25:00,281593,12.64,2.42,1529,283122
p006,2024-11-14 00:29:00,281593,13.87,-4.22,1773,283366
p006,2024-12-11 18:27:00,281593,6.74,-0.96,348,281941
p007,2024-01-21 13:18:00,231175,-2.65,-0.95,-1529,229646
p007,2024-02-11 05:51:00,231175,14.4,1.18,1881,233056
p007,2024-03-27 22:58:00,231175,2.41,-4.12,-518,230657
p007,2024-04-28 03:15:00,231175,3.92,0.89,-216,230959
p007,2024-05-17 02:25:00,231175,12.82,-1.9,1565,232740
p007,2024-06-11 07:21:00,231175,10.95,-3.32,1191,232366
p007,2024-07-17 20:07:00,231175,5.87,0.1,173,231348
p007,2024-08-25 11:22:00,231175,9.89,4.58,979,232154
p007,2024-09-21 04:15:00,231175,-2.9,-3.54,-1579,229596
p007,2024-10-07 05:38:00,231175,-1.87,2.6,-1374,229801
p007,2024-11-21 02:11:00,231175,14.48,2.73,1896,233071
p007,2024-12-16 14:48:00,231175,6.55,2.6,309,231484
p008,2024-01-15 21:59:00,358056,13.06,0.64,1612,359668
p008,2024-02-21 19:20:00,358056,12.7,4.71,1539,359595
p008,2024-03-11 04:28:00,358056,-3.6,-0.31,-1721,356335
p008,2024-04-21 09:50:00,358056,0.62,0.91,-875,357181
p008,2024-05-12 16:04:00,358056,1.35,-0.38,-729,357327
p008,2024-06-02 01:23:00,358056,12.03,-2.13,1406,359462
p008,2024-07-21 02:39:00,358056,7.16,0.07,433,358489
p008,2024-08-15 18:35:00,358056,14.54,2.92,1908,359964
p008,2024-09-02 14:58:00,358056,11.59,0.72,1317,359373
p008,2024-10-07 10:38:00,358056,4.74,0.01,-52,358004
p008,2024-11-02 14:06:00,358056,11.61,3.99,1321,359377
p008,2024-12-11 22:05:00,358056,5.33,1.46,66,358122
p009,2024-01-02 07:45:00,206842,3.96,4.91,-207,206635
p009,2024-02-17 16:39:00,206842,-1.75,-1.36,-1350,205492
p009,2024-03-10 12:26:00,206842,10.86,-1.62,1172,208014
p009,2024-04-20 01:50:00,206842,7.92,1.47,584,207426
p009,2024-05-03 10:06:00,206842,6.43,1.78,285,207127
p009,2024-06-10 08:46:00,206842,12.44,1.57,1488,208330
p009,2024-07-20 04:21:00,206842,-3.33,0.83,-1667,205175
p009,2024-08-05 11:19:00,206842,14.82,1.56,1963,208805
p009,2024-09-22 12:08:00,206842,7.18,2.09,437,207279
p009,2024-10-03 09:35:00,206842,2.71,1.43,-458,206384
p009,2024-11-11 04:42:00,206842,9.39,3.29,878,207720
p009,2024-12-24 21:58:00,206842,5.78,-4.07,156,206998
p010,2024-01-22 13:32:00,384987,2.41,-4.82,-518,384469
p010,2024-02-10 05:13:00,384987,2.0,4.48,-601,384386
p010,2024-03-16 06:14:00,384987,-2.19,-3.45,-1437,383550
p010,2024-04-10 03:32:00,384987,10.79,0.4,1157,386144
p010,2024-05-24 16:02:00,384987,8.55,-1.63,711,385698
p010,2024-06-25 19:08:00,384987,7.23,-1.23,446,385433
p010,2024-07-06 05:53:00,384987,9.19,2.71,837,385824
p010,2024-08-26 05:46:00,384987,3.96,-4.56,-208,384779
p010,2024-09-12 21:46:00,384987,-0.14,4.7,-1028,383959
p010,2024-10-20 09:48:00,384987,10.33,2.84,1066,386053
p010,2024-11-08 17:15:00,384987,1.33,4.66,-733,384254
p010,2024-12-26 15:57:00,384987,12.1,-3.06,1420,386407
p011,2024-01-22 18:28:00,272460,4.46,2.69,-109,272351
p011,2024-02-25 12:32:00,272460,5.8,-0.81,160,272620
p011,2024-03-06 06:51:00,272460,7.38,-3.62,476,272936
p011,2024-04-09 01:41:00,272460,4.84,3.74,-32,272428
p011,2024-05-18 03:45:00,272460,12.32,0.16,1464,273924
p011,2024-06-04 09:05:00,272460,10.62,-3.4,1125,273585
p011,2024-07-15 16:09:00,272460,12.02,-0.63,1403,273863
p011,2024-08-08 14:56:00,272460,2.16,4.3,-569,271891
p011,2024-09-14 01:25:00,272460,5.28,-1.26,56,272516
p011,2024-10-13 02:23:00,272460,-0.4,-4.72,-1081,271379
p011,2024-11-04 22:41:00,272460,1.87,2.91,-627,271833
p011,2024-12-05 01:18:00,272460,13.79,3.3,1757,274217
p012,2024-01-23 04:48:00,411923,9.44,-0.31,889,412812
p012,2024-02-20 00:57:00,411923,-3.38,-4.81,-1676,410247
p012,2024-03-07 04:35:00,411923,14.25,2.27,1851,413774
p012,2024-04-17 13:07:00,411923,10.89,-2.12,1179,413102
p012,2024-05-10 03:03:00,411923,-0.12,-0.8,-1024,410899
p012,2024-06-26 19:29:00,411923,-3.71,-3.89,-1743,410180
p012,2024-07-16 19:34:00,411923,-4.67,1.32,-1933,409990
p012,2024-08-19 07:45:00,411923,-2.06,-2.09,-1412,410511
p012,2024-09-01 19:22:00,411923,-0.08,0.71,-1015,410908
p012,2024-10-06 21:42:00,411923,-3.25,0.23,-1650,410273
p012,2024-11-12 02:33:00,411923,6.14,0.07,228,412151
p012,2024-12-17 17:01:00,411923,3.0,3.73,-401,411522
p013,2024-01-02 20:24:00,181123,2.64,-2.46,-471,180652
p013,2024-02-01 11:50:00,181123,-3.62,-1.55,-1724,179399
p013,2024-03-24 21:40:00,181123,-2.88,2.72,-1576,179547
p013,2024-04-24 10:08:00,181123,-4.09,-1.48,-1819,179304
p013,2024-05-11 20:11:00,181123,12.0,2.79,1401,182524
p013,2024-06-15 22:30:00,181123,7.94,-3.18,587,181710
p013,2024-07-05 02:45:00,181123,10.89,4.44,1179,182302
p013,2024-08-02 09:12:00,181123,-4.11,2.91,-1821,179302
p013,2024-09-02 10:59:00,181123,1.35,0.15,-730,180393
p013,2024-10-27 17:30:00,181123,0.18,-4.63,-963,180160
p013,2024-11-21 06:18:00,181123,2.31,3.62,-538,180585
p013,2024-12-02 20:21:00,181123,0.59,-3.76,-881,180242
p014,2024-01-12 13:56:00,289513,3.19,2.43,-362,289151
p014,2024-02-13 10:11:00,289513,5.16,1.92,32,289545
p014,2024-03-12 16:17:00,289513,11.41,-4.17,1281,290794
p014,2024-04-14 02:27:00,289513,7.34,4.95,467,289980
p014,2024-05-06 17:18:00,289513,1.57,-3.97,-685,288828
p014,2024-06-11 21:18:00,289513,1.27,-0.54,-745,288768
p014,2024-07-23 13:10:00,289513,9.12,-0.56,825,290338
p014,2024-08-15 01:46:00,289513,12.82,4.12,1563,291076
p014,2024-09-20 13:17:00,289513,8.1,4.8,619,290132
p014,2024-10-02 02:42:00,289513,8.06,-0.94,611,290124
p014,2024-11-17 23:43:00,289513,-1.72,4.53,-1345,288168
p014,2024-12-05 19:43:00,289513,11.0,-0.62,1200,290713
p015,2024-01-05 02:15:00,208398,10.94,1.45,1188,209586
p015,2024-02-12 12:36:00,208398,-4.34,1.05,-1868,206530
p015,2024-03-22 14:23:00,208398,2.61,-0.56,-477,207921
p015,2024-04-03 18:08:00,208398,5.84,-1.33,168,208566
p015,2024-05-11 20:17:00,208398,0.11,4.61,-978,207420
p015,2024-06-01 23:11:00,208398,5.22,0.18,44,208442
p015,2024-07-18 03:16:00,208398,10.87,-2.4,1174,209572
p015,2024-08-15 06:39:00,208398,0.85,1.94,-831,207567
p015,2024-09-16 06:07:00,208398,-2.22,3.53,-1445,206953
p015,2024-10-15 05:57:00,208398,9.6,-0.55,921,209319
p015,2024-11-03 21:54:00,208398,1.54,1.68,-691,207707
p015,2024-12-23 02:35:00,208398,6.1,-2.1,220,208618
p016,2024-01-10 05:45:00,154447,9.53,4.27,906,155353
p016,2024-02-21 05:50:00,154447,2.4,0.09,-520,153927
p016,2024-03-04 06:50:00,154447,-2.16,-2.63,-1432,153015
p016,2024-04-16 00:23:00,154447,6.35,0.72,269,154716
p016,2024-05-15 17:08:00,154447,7.53,3.84,506,154953
p016,2024-06-03 09:25:00,154447,9.68,2.19,936,155383
p016,2024-07-17 13:49:00,154447,3.38,3.23,-323,154124
p016,2024-08-03 04:20:00,154447,8.15,-4.26,631,155078
p016,2024-09-15 21:33:00,154447,2.05,-3.72,-589,153858
p016,2024-10-27 17:40:00,154447,7.04,-3.18,407,154854
p016,2024-11-05 13:32:00,154447,13.65,3.68,1730,156177
p016,2024-12-27 03:33:00,154447,-1.87,-1.96,-1374,153073
p017,2024-01-06 10:59:00,251690,9.52,-2.75,905,252595
p017,2024-02-17 09:54:00,251690,-3.38,-2.49,-1677,250013
p017,2024-03-21 17:17:00,251690,-2.44,1.25,-1488,250202
p017,2024-04-20 17:05:00,251690,5.29,1.41,58,251748
p017,2024-05-19 18:09:00,251690,-1.5,1.59,-1299,250391
p017,2024-06-24 19:21:00,251690,12.25,4.24,1451,253141
p017,2024-07-02 00:05:00,251690,-4.07,4.49,-1814,249876
p017,2024-08-25 18:16:00,251690,8.33,-2.89,667,252357
p017,2024-09-19 13:39:00,251690,8.09,-4.7,617,252307
p017,2024-10-21 17:18:00,251690,8.14,4.57,629,252319
p017,2024-11-16 07:51:00,251690,11.53,1.85,1306,252996
p017,2024-12-10 14:04:00,251690,9.1,-4.4,820,252510
p018,2024-01-15 13:30:00,303340,4.51,-2.96,-98,303242
p018,2024-02-20 04:20:00,303340,12.64,2.18,1528,304868
p018,2024-03-24 11:25:00,303340,-2.32,2.61,-1465,301875
p018,2024-04-17 17:06:00,303340,1.54,-2.58,-693,302647
p018,2024-05-04 08:28:00,303340,0.07,-3.59,-985,302355
p018,2024-06-02 09:24:00,303340,12.7,1.15,1539,304879
p018,2024-07-08 05:52:00,303340,1.71,4.34,-659,302681
p018,2024-08-24 10:12:00,303340,10.62,-3.41,1125,304465
p018,2024-09-17 14:31:00,303340,13.0,-1.91,1600,304940
p018,2024-10-01 02:25:00,303340,5.35,-0.43,70,303410
p018,2024-11-08 06:37:00,303340,2.23,-4.51,-555,302785
p018,2024-12-10 15:38:00,303340,13.07,3.43,1614,304954
p019,2024-01-22 15:18:00,105917,5.99,-4.92,198,106115
p019,2024-02-04 13:08:00,105917,13.07,-2.36,1614,107531
p019,2024-03-12 12:23:00,105917,-4.08,-0.99,-1815,104102
p019,2024-04-19 17:12:00,105917,2.42,0.53,-516,105401
p019,2024-05-03 12:32:00,105917,4.22,2.64,-156,105761
p019,2024-06-09 19:43:00,105917,7.51,-3.81,502,106419
p019,2024-07-04 12:23:00,105917,11.27,4.87,1255,107172
p019,2024-08-18 11:48:00,105917,-2.05,-3.01,-1410,104507
p019,2024-09-17 12:32:00,105917,-4.18,-4.55,-1836,104081
p019,2024-10-05 22:21:00,105917,11.46,-0.26,1293,107210
p019,2024-11-15 04:38:00,105917,13.29,0.16,1658,107575
p019,2024-12-11 19:20:00,105917,-1.67,-1.07,-1335,104582
p020,2024-01-20 23:53:00,174364,1.12,0.94,-775,173589
p020,2024-02-17 16:34:00,174364,5.03,2.09,6,174370
p020,2024-03-10 15:52:00,174364,-4.66,-1.32,-1932,172432
p020,2024-04-22 03:26:00,174364,6.95,-1.92,390,174754
p020,2024-05-24 22:40:00,174364,-4.46,0.97,-1891,172473
p020,2024-06-09 20:50:00,174364,14.91,2.76,1981,176345
p020,2024-07-19 07:46:00,174364,-3.95,0.84,-1790,172574
p020,2024-08-06 16:40:00,174364,9.76,1.2,953,175317
p020,2024-09-27 12:09:00,174364,11.83,1.81,1365,175729
p020,2024-10-02 18:44:00,174364,-2.75,-3.09,-1550,172814
p020,2024-11-15 10:26:00,174364,-1.9,-0.87,-1380,172984
p020,2024-12-07 13:32:00,174364,10.87,1.11,1174,175538
p021,2024-01-16 23:46:00,249944,-3.73,2.06,-1745,248199
p021,2024-02-17 06:35:00,249944,1.65,4.98,-669,249275
p021,2024-03-16 16:24:00,249944,1.42,4.57,-715,249229
p021,2024-04-15 17:21:00,249944,6.19,-1.46,237,250181
p021,2024-05-25 23:43:00,249944,8.17,3.04,634,250578
p021,2024-06-09 19:30:00,249944,-1.06,4.57,-1213,248731
p021,2024-07-09 17:19:00,249944,-0.39,4.41,-1079,248865
p021,2024-08-10 09:45:00,249944,-0.75,1.9,-1151,248793
p021,2024-09-16 10:30:00,249944,2.14,0.6,-572,249372
p021,2024-10-26 23:17:00,249944,0.89,-3.78,-822,249122
p021,2024-11-22 17:24:00,249944,13.34,4.8,1669,251613
p021,2024-12-27 11:49:00,249944,11.48,-3.54,1295,251239
p022,2024-01-02 09:45:00,349852,-3.38,-1.54,-1677,348175
p022,2024-02-15 20:16:00,349852,10.3,-0.21,1061,350913
p022,2024-03-07 17:17:00,349852,14.11,0.62,1821,351673
p022,2024-04-09 04:06:00,349852,7.61,2.41,521,350373
p022,2024-05-08 07:03:00,349852,8.71,4.05,743,350595
p022,2024-06-08 20:14:00,349852,-3.92,-4.0,-1785,348067
p022,2024-07-11 22:30:00,349852,-2.95,1.81,-1589,348263
p022,2024-08-05 00:35:00,349852,14.03,-3.42,1805,351657
p022,2024-09-21 15:30:00,349852,8.32,-3.01,664,350516
p022,2024-10-10 10:18:00,349852,8.22,-4.41,645,350497
p022,2024-11-25 02:41:00,349852,6.75,-2.68,351,350203
p022,2024-12-24 23:54:00,349852,14.18,-4.63,1836,351688
p023,2024-01-06 13:56:00,238197,12.15,-3.24,1430,239627
p023,2024-02-02 12:50:00,238197,5.14,-3.14,29,238226
p023,2024-03-24 09:56:00,238197,-4.24,-4.91,-1847,236350
p023,2024-04-19 19:06:00,238197,14.01,4.83,1802,239999
p023,2024-05-10 14:41:00,238197,6.12,0.24,225,238422
p023,2024-06-05 16:29:00,238197,0.58,-3.07,-883,237314
p023,2024-07-04 10:10:00,238197,9.97,-0.41,994,239191
p023,2024-08-09 22:11:00,238197,-4.71,2.37,-1943,236254
p023,2024-09-26 09:36:00,238197,8.81,2.57,762,238959
p023,2024-10-06 19:54:00,238197,8.08,3.97,616,238813
p023,2024-11-27 13:32:00,238197,1.71,-4.13,-657,237540
p023,2024-12-22 03:11:00,238197,-2.12,-0.23,-1425,236772
p024,2024-01-08 00:16:00,351366,2.85,-2.64,-429,350937
p024,2024-02-25 08:21:00,351366,1.18,0.82,-764,350602
p024,2024-03-19 00:16:00,351366,8.38,-1.4,677,352043
p024,2024-04-08 01:42:00,351366,-2.58,-0.35,-1516,349850
p024,2024-05-06 12:43:00,351366,5.29,4.23,58,351424
p024,2024-06-23 09:44:00,351366,-2.6,1.39,-1520,349846
p024,2024-07-10 11:39:00,351366,-0.48,-2.81,-1096,350270
p024,2024-08-05 15:09:00,351366,4.31,2.48,-137,351229
p024,2024-09-20 11:26:00,351366,9.38,0.49,875,352241
p024,2024-10-16 17:51:00,351366,8.6,3.26,720,352086
p024,2024-11-25 07:43:00,351366,10.46,0.96,1091,352457
p024,2024-12-26 02:33:00,351366,4.14,0.28,-171,351195
p025,2024-01-12 02:58:00,205122,6.55,-3.88,310,205432
p025,2024-02-27 17:57:00,205122,5.35,-2.98,70,205192
p025,2024-03-18 04:10:00,205122,1.71,3.54,-657,204465
p025,2024-04-15 03:43:00,205122,-0.79,2.17,-1159,203963
p025,2024-05-16 02:57:00,205122,5.45,-0.55,90,205212
p025,2024-06-02 14:08:00,205122,5.51,-0.85,102,205224
p025,2024-07-19 01:35:00,205122,4.46,1.73,-107,205015
p025,2024-08-10 23:01:00,205122,3.11,-2.46,-379,204743
p025,2024-09-01 23:13:00,205122,6.84,-4.27,368,205490
p025,2024-10-14 11:44:00,205122,-3.69,0.41,-1739,203383
p025,2024-11-02 02:59:00,205122,4.67,-4.68,-67,205055
p025,2024-12-14 05:49:00,205122,-2.23,2.66,-1446,203676
p026,2024-01-24 20:26:00,416623,2.66,4.93,-467,416156
p026,2024-02-13 14:55:00,416623,13.78,4.07,1756,418379
p026,2024-03-13 02:43:00,416623,14.74,1.62,1949,418572
p026,2024-04-18 04:41:00,416623,12.62,-1.52,1523,418146
p026,2024-05-06 17:25:00,416623,5.83,-3.73,166,416789
p026,2024-06-08 00:48:00,416623,-4.54,4.78,-1907,414716
p026,2024-07-15 21:46:00,416623,6.15,-0.76,230,416853
p026,2024-08-13 07:15:00,416623,4.43,-1.54,-114,416509
p026,2024-09-09 06:59:00,416623,12.92,2.25,1584,418207
p026,2024-10-04 01:51:00,416623,8.52,-0.81,704,417327
p026,2024-11-25 00:15:00,416623,-0.78,-4.33,-1156,415467
p026,2024-12-20 01:28:00,416623,7.24,1.72,448,417071
p027,2024-01-28 01:15:00,204785,10.16,-4.56,1033,205818
p027,2024-02-15 07:34:00,204785,-0.55,2.54,-1111,203674
p027,2024-03-25 01:08:00,204785,5.32,4.93,63,204848
p027,2024-04-08 23:36:00,204785,1.53,0.77,-694,204091
p027,2024-05-25 21:52:00,204785,1.56,-2.63,-687,204098
p027,2024-06-05 21:33:00,204785,-0.47,-0.86,-1095,203690
p027,2024-07-09 01:35:00,204785,14.42,0.92,1885,206670
p027,2024-08-24 05:40:00,204785,8.9,-0.73,780,205565
p027,2024-09-16 01:22:00,204785,14.28,1.43,1856,206641
p027,2024-10-13 16:20:00,204785,9.26,-0.84,852,205637
p027,2024-11-05 09:24:00,204785,-1.23,2.54,-1247,203538
p027,2024-12-16 07:54:00,204785,-0.38,-1.99,-1077,203708
p028,2024-01-23 04:51:00,61502,4.48,4.15,-104,61398
p028,2024-02-18 13:26:00,61502,6.41,0.3,282,61784
p028,2024-03-13 07:16:00,61502,-0.84,-1.7,-1168,60334
p028,2024-04-03 14:54:00,61502,2.59,-4.08,-481,61021
p028,2024-05-24 06:03:00,61502,0.5,-1.23,-901,60601
p028,2024-06-20 19:02:00,61502,12.89,-4.27,1578,63080
p028,2024-07-26 18:46:00,61502,8.75,0.59,750,62252
p028,2024-08-16 06:55:00,61502,13.57,-1.67,1715,63217
p028,2024-09-01 06:59:00,61502,-1.11,4.62,-1222,60280
p028,2024-10-04 23:48:00,61502,4.8,4.14,-39,61463
p028,2024-11-23 19:45:00,61502,-0.82,-1.03,-1163,60339
p028,2024-12-08 17:20:00,61502,10.88,-2.17,1176,62678
p029,2024-01-15 17:41:00,395101,2.36,-1.92,-529,394572
p029,2024-02-12 16:56:00,395101,5.18,-0.34,36,395137
p029,2024-03-26 23:30:00,395101,10.6,3.4,1119,396220
p029,2024-04-07 11:20:00,395101,3.47,-4.54,-305,394796
p029,2024-05-28 07:47:00,395101,-2.02,-4.84,-1403,393698
p029,2024-06-18 18:37:00,395101,9.74,-0.82,949,396050
p029,2024-07-05 06:21:00,395101,-0.29,-1.2,-1058,394043
p029,2024-08-27 07:31:00,395101,6.27,1.55,255,395356
p029,2024-09-22 10:16:00,395101,10.63,3.22,1126,396227
p029,2024-10-24 20:47:00,395101,5.04,-0.39,9,395110
p029,2024-11-24 11:10:00,395101,-2.14,2.2,-1427,393674
p029,2024-12-16 05:58:00,395101,13.21,0.42,1642,396743
p030,2024-01-21 01:33:00,257516,-4.31,3.39,-1862,255654
p030,2024-02-03 21:03:00,257516,10.65,-4.94,1130,258646
p030,2024-03-05 20:14:00,257516,-3.61,2.07,-1722,255794
p030,2024-04-01 06:32:00,257516,4.34,-1.27,-133,257383
p030,2024-05-20 20:42:00,257516,14.12,1.17,1825,259341
p030,2024-06-16 21:31:00,257516,-4.68,-4.93,-1936,255580
p030,2024-07-18 13:00:00,257516,-4.66,0.29,-1932,255584
p030,2024-08-09 17:18:00,257516,-4.65,0.02,-1930,255586
p030,2024-09-23 21:27:00,257516,11.51,4.4,1302,258818
p030,2024-10-06 03:58:00,257516,-3.03,0.24,-1606,255910
p030,2024-11-08 06:39:00,257516,5.78,-2.48,156,257672
p030,2024-12-12 08:50:00,257516,3.12,-4.21,-375,257141
p031,2024-01-13 14:36:00,193906,-0.02,4.9,-1004,192902
p031,2024-02-08 09:43:00,193906,11.95,3.48,1391,195297
p031,2024-03-21 20:48:00,193906,-4.36,-4.06,-1871,192035
p031,2024-04-13 12:35:00,193906,4.75,-4.44,-51,193855
p031,2024-05-01 22:10:00,193906,-3.31,-0.0,-1662,192244
p031,2024-06-14 20:50:00,193906,1.78,0.66,-644,193262
p031,2024-07-28 03:57:00,193906,5.81,4.19,163,194069
p031,2024-08-08 06:57:00,193906,12.78,1.92,1555,195461
p031,2024-09-19 15:17:00,193906,-4.05,4.24,-1810,192096
p031,2024-10-22 08:57:00,193906,6.12,0.64,224,194130
p031,2024-11-02 05:59:00,193906,12.41,-1.86,1483,195389
p031,2024-12-07 18:09:00,193906,10.4,3.21,1081,194987
p032,2024-01-27 12:59:00,54245,-3.42,-2.01,-1685,52560
p032,2024-02-19 07:36:00,54245,12.09,3.49,1418,55663
p032,2024-03-22 17:21:00,54245,2.86,2.56,-428,53817
p032,2024-04-05 22:46:00,54245,-3.4,0.01,-1679,52566
p032,2024-05-12 01:06:00,54245,3.95,-2.68,-210,54035
p032,2024-06-03 10:38:00,54245,10.75,1.14,1149,55394
p032,2024-07-20 12:49:00,54245,1.68,-4.7,-664,53581
p032,2024-08-09 14:31:00,54245,-0.33,-1.44,-1066,53179
p032,2024-09-13 13:11:00,54245,8.92,0.86,784,55029
p032,2024-10-13 02:49:00,54245,7.66,-2.05,533,54778
p032,2024-11-08 22:04:00,54245,-3.32,-2.32,-1664,52581
p032,2024-12-13 22:50:00,54245,7.98,-3.46,596,54841
p033,2024-01-13 10:23:00,346709,-2.82,-4.08,-1564,345145
p033,2024-02-10 14:23:00,346709,10.59,-2.3,1118,347827
p033,2024-03-05 02:11:00,346709,3.82,-0.51,-235,346474
p033,2024-04-18 16:26:00,346709,-2.89,-4.74,-1577,345132
p033,2024-05-12 17:05:00,346709,7.22,0.98,445,347154
p033,2024-06-11 12:00:00,346709,0.98,-0.86,-805,345904
p033,2024-07-25 02:46:00,346709,13.45,0.6,1691,348400
p033,2024-08-08 18:33:00,346709,-1.53,1.85,-1306,345403
p033,2024-09-06 04:17:00,346709,1.17,-2.32,-767,345942
p033,2024-10-05 02:10:00,346709,3.9,-2.24,-220,346489
p033,2024-11-10 15:50:00,346709,-3.42,-1.39,-1685,345024
p033,2024-12-08 23:40:00,346709,5.15,0.94,30,346739
p034,2024-01-07 14:06:00,409556,-2.23,-1.95,-1446,408110
p034,2024-02-13 10:53:00,409556,7.7,-1.2,540,410096
p034,2024-03-28 10:28:00,409556,1.86,-0.69,-629,408927
p034,2024-04-27 20:38:00,409556,-2.21,-2.0,-1443,408113
p034,2024-05-20 22:12:00,409556,4.81,-1.86,-38,409518
p034,2024-06-13 10:18:00,409556,10.05,1.95,1010,410566
p034,2024-07-16 18:50:00,409556,-0.04,-1.74,-1008,408548
p034,2024-08-09 12:23:00,409556,-2.67,4.32,-1534,408022
p034,2024-09-07 18:34:00,409556,-1.32,1.82,-1264,408292
p034,2024-10-18 00:46:00,409556,4.45,4.43,-110,409446
p034,2024-11-07 14:51:00,409556,0.96,3.31,-807,408749
p034,2024-12-03 13:43:00,409556,5.22,-3.61,45,409601
p035,2024-01-10 07:16:00,440420,8.48,-3.46,697,441117
p035,2024-02-14 12:04:00,440420,4.2,4.91,-161,440259
p035,2024-03-16 18:25:00,440420,5.94,0.07,188,440608
p035,2024-04-28 22:26:00,440420,6.13,-4.63,226,440646
p035,2024-05-12 22:57:00,440420,11.63,0.37,1327,441747
p035,2024-06-21 02:06:00,440420,10.75,-2.52,1149,441569
p035,2024-07-22 11:10:00,440420,8.25,1.13,650,441070
p035,2024-08-19 20:43:00,440420,8.25,-1.0,649,441069
p035,2024-09-25 10:50:00,440420,3.81,-3.94,-237,440183
p035,2024-10-04 08:14:00,440420,5.46,2.47,91,440511
p035,2024-11-18 18:44:00,440420,6.78,-2.79,356,440776
p035,2024-12-12 12:29:00,440420,10.81,1.8,1163,441583
p036,2024-01-23 16:09:00,75713,2.06,4.98,-588,75125
p036,2024-02-16 03:18:00,75713,3.52,4.21,-297,75416
p036,2024-03-03 03:53:00,75713,14.27,2.3,1853,77566
p036,2024-04-12 09:21:00,75713,4.32,2.84,-135,75578
p036,2024-05-17 15:22:00,75713,4.75,-4.02,-50,75663
p036,2024-06-24 22:28:00,75713,1.53,-4.33,-694,75019
p036,2024-07-02 22:07:00,75713,-4.54,3.49,-1908,73805
p036,2024-08-21 03:43:00,75713,11.39,-3.36,1277,76990
p036,2024-09-24 07:33:00,75713,-1.43,0.52,-1286,74427
p036,2024-10-11 17:27:00,75713,14.62,-0.38,1925,77638
p036,2024-11-26 12:40:00,75713,-1.23,-3.14,-1245,74468
p036,2024-12-22 13:25:00,75713,-4.41,2.37,-1881,73832
p037,2024-01-07 14:37:00,367931,3.79,-1.11,-241,367690
p037,2024-02-23 06:13:00,367931,0.7,2.52,-860,367071
p037,2024-03-26 02:36:00,367931,-2.92,3.0,-1584,366347
p037,2024-04-18 05:23:00,367931,1.67,-3.03,-665,367266
p037,2024-05-04 08:42:00,367931,12.66,-0.11,1533,369464
p037,2024-06-21 10:38:00,367931,2.96,1.11,-409,367522
p037,2024-07-19 03:22:00,367931,2.21,3.46,-559,367372
p037,2024-08-20 05:52:00,367931,8.79,2.06,759,368690
p037,2024-09-10 19:37:00,367931,-3.27,1.72,-1653,366278
p037,2024-10-11 03:15:00,367931,1.25,-3.83,-750,367181
p037,2024-11-12 22:09:00,367931,5.46,-1.12,92,368023
p037,2024-12-20 04:36:00,367931,2.85,-0.77,-429,367502
p038,2024-01-16 20:34:00,440684,9.2,4.19,840,441524
p038,2024-02-06 17:10:00,440684,5.02,-2.11,5,440689
p038,2024-03-06 10:53:00,440684,4.23,1.19,-153,440531
p038,2024-04-28 11:00:00,440684,4.92,-3.63,-16,440668
p038,2024-05-27 12:35:00,440684,5.35,1.53,70,440754
p038,2024-06-14 21:31:00,440684,3.51,2.1,-298,440386
p038,2024-07-15 15:10:00,440684,-3.31,0.65,-1662,439022
p038,2024-08-26 07:18:00,440684,-4.33,-2.25,-1867,438817
p038,2024-09-18 09:10:00,440684,10.98,-0.43,1197,441881
p038,2024-10-24 15:35:00,440684,5.46,-3.87,92,440776
p038,2024-11-04 08:49:00,440684,6.12,3.23,224,440908
p038,2024-12-12 17:52:00,440684,10.5,-4.58,1099,441783
p039,2024-01-24 14:34:00,310428,-0.53,4.9,-1105,309323
p039,2024-02-04 23:53:00,310428,8.38,2.51,677,311105
p039,2024-03-10 01:28:00,310428,0.38,-1.51,-924,309504
p039,2024-04-27 02:28:00,310428,12.72,4.94,1544,311972
p039,2024-05-25 07:13:00,310428,11.6,2.38,1320,311748
p039,2024-06-23 11:55:00,310428,9.55,1.1,911,311339
p039,2024-07-14 05:39:00,310428,-2.15,2.85,-1430,308998
p039,2024-08-27 06:51:00,310428,-3.79,0.7,-1757,308671
p039,2024-09-18 08:38:00,310428,6.03,-3.32,206,310634
p039,2024-10-23 09:18:00,310428,6.73,-2.33,345,310773
p039,2024-11-28 16:57:00,310428,8.91,3.15,782,311210
p039,2024-12-05 13:58:00,310428,-3.79,4.92,-1758,308670
p040,2024-01-28 20:08:00,200048,9.37,3.66,873,200921
p040,2024-02-08 04:45:00,200048,1.59,3.28,-681,199367
p040,2024-03-25 21:25:00,200048,5.02,-3.58,4,200052
p040,2024-04-21 08:40:00,200048,3.48,-1.25,-304,199744
p040,2024-05-03 20:50:00,200048,13.02,2.69,1604,201652
p040,2024-06-13 16:47:00,200048,0.7,1.95,-861,199187
p040,2024-07-12 14:31:00,200048,1.7,0.82,-660,199388
p040,2024-08-28 23:05:00,200048,9.96,4.72,993,201041
p040,2024-09-21 21:44:00,200048,2.34,3.5,-533,199515
p040,2024-10-26 17:25:00,200048,-0.54,4.68,-1108,198940
p040,2024-11-27 06:31:00,200048,0.5,-1.77,-901,199147
p040,2024-12-10 10:35:00,200048,6.84,-3.69,367,200415
p041,2024-01-28 15:50:00,170648,2.04,3.94,-593,170055
p041,2024-02-25 01:02:00,170648,-2.97,1.26,-1593,169055
p041,2024-03-27 14:01:00,170648,-2.46,4.29,-1492,169156
p041,2024-04-06 14:29:00,170648,-4.99,4.92,-1998,168650
p041,2024-05-14 06:44:00,170648,13.62,-3.68,1724,172372
p041,2024-06-21 09:10:00,170648,12.91,4.33,1581,172229
p041,2024-07-09 02:41:00,170648,2.38,-2.5,-524,170124
p041,2024-08-12 21:57:00,170648,8.29,-3.34,657,171305
p041,2024-09-13 20:19:00,170648,9.86,1.99,973,171621
p041,2024-10-08 13:41:00,170648,-3.13,2.04,-1627,169021
p041,2024-11-01 06:30:00,170648,-3.41,-3.67,-1681,168967
p041,2024-12-08 16:43:00,170648,4.11,-4.91,-178,170470
p042,2024-01-23 10:52:00,368276,-2.54,4.88,-1507,366769
p042,2024-02-14 22:08:00,368276,4.78,-4.29,-44,368232
p042,2024-03-13 02:46:00,368276,11.51,-3.98,1301,369577
p042,2024-04-11 11:56:00,368276,1.12,-3.63,-775,367501
p042,2024-05-25 04:41:00,368276,8.87,-3.57,773,369049
p042,2024-06-17 18:00:00,368276,7.5,1.5,499,368775
p042,2024-07-15 11:46:00,368276,-0.64,1.28,-1128,367148
p042,2024-08-05 13:39:00,368276,9.06,-0.58,812,369088
p042,2024-09-07 02:57:00,368276,-2.95,-3.6,-1589,366687
p042,2024-10-04 18:46:00,368276,2.86,-1.48,-428,367848
p042,2024-11-14 10:50:00,368276,-2.14,-2.52,-1428,366848
p042,2024-12-21 02:15:00,368276,6.33,1.01,266,368542
p043,2024-01-24 19:18:00,234717,10.95,4.41,1190,235907
p043,2024-02-01 21:56:00,234717,1.18,-2.95,-765,233952
p043,2024-03-20 16:12:00,234717,10.32,-1.08,1063,235780
p043,2024-04-21 01:50:00,234717,13.39,2.94,1677,236394
p043,2024-05-08 15:24:00,234717,-2.69,-2.59,-1539,233178
p043,2024-06-21 19:04:00,234717,5.81,3.89,163,234880
p043,2024-07-01 11:59:00,234717,1.48,-3.68,-704,234013
p043,2024-08-28 18:26:00,234717,2.48,0.46,-504,234213
p043,2024-09-06 15:49:00,234717,-3.51,-4.83,-1702,233015
p043,2024-10-03 00:16:00,234717,-0.58,-4.6,-1117,233600
p043,2024-11-02 12:32:00,234717,0.87,1.29,-827,233890
p043,2024-12-17 13:27:00,234717,9.37,-0.98,874,235591
p044,2024-01-21 17:34:00,164821,7.62,-3.47,523,165344
p044,2024-02-03 09:05:00,164821,5.47,4.21,94,164915
p044,2024-03-26 04:34:00,164821,1.69,-1.09,-662,164159
p044,2024-04-21 20:43:00,164821,8.17,-4.34,634,165455
p044,2024-05-23 13:46:00,164821,14.52,3.46,1905,166726
p044,2024-06-02 07:05:00,164821,13.93,-0.66,1787,166608
p044,2024-07-15 19:38:00,164821,-3.88,-1.91,-1775,163046
p044,2024-08-24 21:47:00,164821,-1.41,-3.81,-1281,163540
p044,2024-09-23 04:44:00,164821,-4.77,-3.36,-1954,162867
p044,2024-10-12 16:33:00,164821,11.04,3.23,1207,166028
p044,2024-11-09 05:23:00,164821,-2.4,2.5,-1481,163340
p044,2024-12-28 08:46:00,164821,13.15,-3.82,1630,166451
p045,2024-01-01 10:51:00,383771,3.79,-2.28,-242,383529
p045,2024-02-03 08:45:00,383771,14.96,0.77,1993,385764
p045,2024-03-03 15:29:00,383771,5.46,-1.4,92,383863
p045,2024-04-16 18:10:00,383771,2.53,-3.43,-494,383277
p045,2024-05-25 03:57:00,383771,6.75,1.74,350,384121
p045,2024-06-04 07:47:00,383771,5.42,-4.97,84,383855
p045,2024-07-28 00:15:00,383771,-4.06,-0.28,-1812,381959
p045,2024-08-13 04:11:00,383771,14.07,4.6,1814,385585
p045,2024-09-02 17:51:00,383771,13.71,2.14,1743,385514
p045,2024-10-21 13:14:00,383771,1.59,-2.52,-682,383089
p045,2024-11-24 10:17:00,383771,11.91,-4.22,1383,385154
p045,2024-12-12 03:32:00,383771,8.79,4.02,757,384528
p046,2024-01-06 07:51:00,149683,5.56,4.81,112,149795
p046,2024-02-13 02:56:00,149683,4.53,3.66,-95,149588
p046,2024-03-25 09:20:00,149683,-3.24,0.53,-1647,148036
p046,2024-04-01 11:12:00,149683,0.97,0.64,-806,148877
p046,2024-05-10 23:39:00,149683,-0.04,-0.36,-1007,148676
p046,2024-06-19 15:49:00,149683,10.89,-3.05,1178,150861
p046,2024-07-18 07:09:00,149683,-4.87,4.32,-1974,147709
p046,2024-08-01 07:34:00,149683,2.09,1.36,-582,149101
p046,2024-09-23 00:21:00,149683,-4.97,2.59,-1995,147688
p046,2024-10-13 23:46:00,149683,1.29,-3.96,-741,148942
p046,2024-11-17 07:26:00,149683,5.08,4.61,15,149698
p046,2024-12-05 22:17:00,149683,-3.09,-4.56,-1619,148064
p047,2024-01-08 16:26:00,375525,9.35,3.96,870,376395
p047,2024-02-15 23:05:00,375525,6.89,-4.04,378,375903
p047,2024-03-05 20:52:00,375525,3.07,-4.25,-385,375140
p047,2024-04-19 01:27:00,375525,8.57,4.64,713,376238
p047,2024-05-08 09:16:00,375525,12.43,-1.85,1485,377010
p047,2024-06-26 12:44:00,375525,12.04,2.35,1407,376932
p047,2024-07-11 14:17:00,375525,-0.22,-4.25,-1044,374481
p047,2024-08-07 04:49:00,375525,10.77,0.85,1154,376679
p047,2024-09-05 03:10:00,375525,4.21,-0.34,-159,375366
p047,2024-10-14 03:34:00,375525,2.34,4.65,-533,374992
p047,2024-11-07 14:19:00,375525,4.48,-2.35,-103,375422
p047,2024-12-04 02:10:00,375525,11.54,1.86,1307,376832
p048,2024-01-27 22:44:00,181400,7.36,-4.6,471,181871
p048,2024-02-27 10:09:00,181400,-3.13,2.11,-1627,179773
p048,2024-03-12 12:32:00,181400,-4.0,1.77,-1800,179600
p048,2024-04-09 05:01:00,181400,14.5,-0.96,1899,183299
p048,2024-05-15 17:47:00,181400,6.27,-2.5,253,181653
p048,2024-06-15 03:51:00,181400,11.25,-3.6,1251,182651
p048,2024-07-01 01:53:00,181400,10.99,4.83,1198,182598
p048,2024-08-05 06:52:00,181400,3.2,-1.28,-360,181040
p048,2024-09-21 20:05:00,181400,6.92,0.86,385,181785
p048,2024-10-27 02:01:00,181400,-3.68,-3.02,-1736,179664
p048,2024-11-21 14:51:00,181400,-2.36,-4.08,-1473,179927
p048,2024-12-28 10:07:00,181400,-4.13,4.42,-1826,179574
p049,2024-01-02 05:59:00,405343,6.75,-0.67,350,405693
p049,2024-02-24 12:31:00,405343,-4.4,-1.17,-1880,403463
p049,2024-03-14 05:22:00,405343,-0.61,4.08,-1121,404222
p049,2024-04-09 08:28:00,405343,13.09,-3.51,1618,406961
p049,2024-05-20 19:39:00,405343,0.03,1.47,-994,404349
p049,2024-06-16 13:56:00,405343,6.27,-0.21,255,405598
p049,2024-07-03 08:24:00,405343,-2.19,-0.81,-1438,403905
p049,2024-08-21 16:15:00,405343,7.92,4.94,583,405926
p049,2024-09-18 00:24:00,405343,11.01,2.13,1202,406545
p049,2024-10-16 17:50:00,405343,4.93,-1.56,-15,405328
p049,2024-11-19 16:20:00,405343,2.95,-2.3,-410,404933
p049,2024-12-01 10:38:00,405343,-0.51,-4.71,-1103,404240
p050,2024-01-26 08:03:00,446140,11.56,4.92,1312,447452
p050,2024-02-17 11:49:00,446140,6.96,5.0,392,446532
p050,2024-03-06 03:15:00,446140,8.45,-2.59,690,446830
p050,2024-04-18 23:03:00,446140,10.64,4.96,1129,447269
p050,2024-05-08 18:54:00,446140,11.33,-1.12,1266,447406
p050,2024-06-27 05:11:00,446140,-0.16,0.93,-1032,445108
p050,2024-07-26 23:44:00,446140,2.35,4.14,-531,445609
p050,2024-08-01 22:44:00,446140,2.2,4.48,-560,445580
p050,2024-09-19 04:36:00,446140,14.42,-3.12,1884,448024
p050,2024-10-26 15:34:00,446140,1.32,-3.24,-735,445405
p050,2024-11-02 02:03:00,446140,-0.24,1.02,-1048,445092
p050,2024-12-01 16:30:00,446140,-4.99,-1.68,-1998,444142
p051,2024-01-20 06:51:00,427974,-2.33,-1.59,-1466,426508
p051,2024-02-06 10:03:00,427974,-4.55,-3.52,-1911,426063
p051,2024-03-23 04:49:00,427974,-2.73,3.46,-1546,426428
p051,2024-04-28 11:04:00,427974,2.65,2.05,-470,427504
p051,2024-05-22 12:37:00,427974,-2.94,-1.63,-1587,426387
p051,2024-06-11 04:10:00,427974,10.0,4.49,999,428973
p051,2024-07-26 20:31:00,427974,8.29,-1.83,659,428633
p051,2024-08-23 17:44:00,427974,13.21,4.29,1643,429617
p051,2024-09-26 11:14:00,427974,8.63,0.89,726,428700
p051,2024-10-06 12:19:00,427974,10.03,1.88,1006,428980
p051,2024-11-05 05:46:00,427974,-4.96,4.49,-1993,425981
p051,2024-12-19 12:54:00,427974,10.79,4.65,1157,429131
p052,2024-01-02 05:38:00,395600,1.51,4.21,-697,394903
p052,2024-02-20 07:40:00,395600,6.58,-3.96,316,395916
p052,2024-03-16 04:21:00,395600,10.26,-4.22,1052,396652
p052,2024-04-12 10:10:00,395600,8.03,3.85,605,396205
p052,2024-05-03 22:42:00,395600,8.09,2.29,617,396217
p052,2024-06-11 14:00:00,395600,0.43,-2.9,-914,394686
p052,2024-07-23 02:22:00,395600,0.25,2.87,-949,394651
p052,2024-08-24 00:03:00,395600,2.9,-0.62,-420,395180
p052,2024-09-14 05:56:00,395600,3.47,-0.07,-305,395295
p052,2024-10-13 11:34:00,395600,2.68,-3.99,-463,395137
p052,2024-11-16 18:41:00,395600,10.53,1.87,1105,396705
p052,2024-12-06 14:04:00,395600,11.37,3.46,1273,396873
p053,2024-01-10 00:20:00,406964,0.34,4.52,-931,406033
p053,2024-02-03 10:10:00,406964,13.18,-1.25,1636,408600
p053,2024-03-24 02:35:00,406964,14.29,3.98,1857,408821
p053,2024-04-03 10:38:00,406964,7.56,3.93,513,407477
p053,2024-05-23 00:27:00,406964,14.3,1.54,1860,408824
p053,2024-06-20 13:10:00,406964,-3.91,-3.99,-1781,405183
p053,2024-07-07 06:26:00,406964,9.28,0.54,855,407819
p053,2024-08-24 17:16:00,406964,8.53,-2.18,705,407669
p053,2024-09-08 03:03:00,406964,3.04,0.72,-391,406573
p053,2024-10-27 15:09:00,406964,-3.88,-1.39,-1777,405187
p053,2024-11-14 02:18:00,406964,11.87,1.62,1374,408338
p053,2024-12-20 15:12:00,406964,-3.01,-4.74,-1603,405361
p054,2024-01-06 20:18:00,121711,-3.33,-0.26,-1665,120046
p054,2024-02-04 09:50:00,121711,3.14,-0.29,-372,121339
p054,2024-03-22 08:05:00,121711,8.14,0.44,629,122340
p054,2024-04-06 11:56:00,121711,2.81,-1.31,-438,121273
p054,2024-05-15 01:16:00,121711,4.0,-0.35,-199,121512
p054,2024-06-08 08:36:00,121711,-3.74,-3.49,-1748,119963
p054,2024-07-23 21:06:00,121711,-3.25,1.68,-1649,120062
p054,2024-08-26 17:26:00,121711,14.88,2.56,1976,123687
p054,2024-09-08 17:03:00,121711,12.21,-1.13,1443,123154
p054,2024-10-17 13:34:00,121711,9.07,3.67,814,122525
p054,2024-11-16 18:56:00,121711,-0.17,-0.24,-1035,120676
p054,2024-12-03 12:57:00,121711,12.48,2.14,1497,123208
p055,2024-01-17 18:57:00,379382,5.58,3.0,116,379498
p055,2024-02-22 19:09:00,379382,-2.54,4.49,-1508,377874
p055,2024-03-15 05:10:00,379382,14.91,-2.88,1981,381363
p055,2024-04-07 04:02:00,379382,3.67,-4.22,-266,379116
p055,2024-05-22 13:12:00,379382,11.85,1.27,1369,380751
p055,2024-06-27 19:16:00,379382,1.54,4.11,-691,378691
p055,2024-07-26 02:05:00,379382,2.95,0.56,-411,378971
p055,2024-08-18 10:54:00,379382,0.66,0.2,-869,378513
p055,2024-09-28 00:50:00,379382,9.34,1.23,868,380250
p055,2024-10-17 13:07:00,379382,3.48,-3.5,-303,379079
p055,2024-11-19 18:37:00,379382,10.53,4.65,1106,380488
p055,2024-12-04 03:36:00,379382,10.96,-3.99,1193,380575
p056,2024-01-10 17:56:00,100941,2.04,3.78,-592,100349
p056,2024-02-09 12:41:00,100941,4.94,0.72,-12,100929
p056,2024-03-16 01:11:00,100941,0.64,-0.97,-872,100069
p056,2024-04-20 19:43:00,100941,9.21,-0.98,841,101782
p056,2024-05-13 10:44:00,100941,-0.13,-4.51,-1027,99914
p056,2024-06-16 08:57:00,100941,2.62,-4.8,-475,100466
p056,2024-07-27 09:19:00,100941,0.74,3.43,-852,100089
p056,2024-08-28 22:43:00,100941,-2.99,4.72,-1598,99343
p056,2024-09-08 04:19:00,100941,14.95,2.44,1990,102931
p056,2024-10-25 10:17:00,100941,9.92,-0.83,985,101926
p056,2024-11-21 02:12:00,100941,4.04,-2.89,-191,100750
p056,2024-12-27 13:47:00,100941,4.92,2.59,-16,100925
p057,2024-01-28 11:52:00,378968,-3.85,0.15,-1770,377198
p057,2024-02-06 02:19:00,378968,9.53,0.07,906,379874
p057,2024-03-05 16:56:00,378968,6.65,-4.71,329,379297
p057,2024-04-07 06:53:00,378968,-3.82,-2.51,-1764,377204
p057,2024-05-15 01:58:00,378968,2.38,2.05,-524,378444
p057,2024-06-09 11:52:00,378968,4.51,0.05,-99,378869
p057,2024-07-21 03:43:00,378968,-4.38,-2.58,-1875,377093
p057,2024-08-16 19:28:00,378968,-1.37,4.61,-1273,377695
p057,2024-09-16 18:35:00,378968,2.16,-1.56,-568,378400
p057,2024-10-27 08:47:00,378968,12.02,1.89,1403,380371
p057,2024-11-10 00:24:00,378968,-3.98,-3.37,-1797,377171
p057,2024-12-19 06:54:00,378968,-0.47,1.47,-1094,377874
p058,2024-01-22 06:17:00,388868,8.34,-0.9,668,389536
p058,2024-02-01 21:00:00,388868,4.71,4.12,-59,388809
p058,2024-03-21 05:38:00,388868,11.4,-4.92,1280,390148
p058,2024-04-09 19:51:00,388868,14.31,-1.95,1862,390730
p058,2024-05-23 20:17:00,388868,3.68,3.95,-265,388603
p058,2024-06-28 11:29:00,388868,0.16,-2.82,-968,387900
p058,2024-07-10 21:33:00,388868,11.88,1.24,1376,390244
p058,2024-08-19 03:00:00,388868,5.48,4.99,95,388963
p058,2024-09-27 11:35:00,388868,8.25,0.94,651,389519
p058,2024-10-10 09:43:00,388868,-2.79,-0.18,-1558,387310
p058,2024-11-11 08:40:00,388868,1.65,3.61,-669,388199
p058,2024-12-09 20:45:00,388868,14.5,3.92,1900,390768
p059,2024-01-10 06:09:00,70668,5.59,2.65,118,70786
p059,2024-02-02 19:25:00,70668,8.53,-1.8,705,71373
p059,2024-03-05 23:01:00,70668,8.42,-0.03,684,71352
p059,2024-04-10 08:58:00,70668,3.57,-0.95,-286,70382
p059,2024-05-24 01:37:00,70668,9.5,4.95,900,71568
p059,2024-06-27 06:21:00,70668,9.88,2.13,975,71643
p059,2024-07-22 17:40:00,70668,11.07,-0.24,1214,71882
p059,2024-08-22 11:32:00,70668,1.15,3.45,-771,69897
p059,2024-09-27 21:56:00,70668,6.43,-3.19,286,70954
p059,2024-10-04 15:08:00,70668,10.17,-2.41,1034,71702
p059,2024-11-26 17:48:00,70668,13.69,-3.17,1738,72406
p059,2024-12-22 10:41:00,70668,-3.17,-2.78,-1635,69033
p060,2024-01-08 23:55:00,211969,1.28,-0.8,-743,211226
p060,2024-02-11 11:16:00,211969,6.99,-2.06,398,212367
p060,2024-03-28 03:30:00,211969,-3.91,3.66,-1781,210188
p060,2024-04-19 18:39:00,211969,-3.54,-0.28,-1709,210260
p060,2024-05-07 16:07:00,211969,12.77,1.81,1553,213522
p060,2024-06-17 09:26:00,211969,-3.9,3.71,-1779,210190
p060,2024-07-05 04:12:00,211969,2.02,-0.91,-597,211372
p060,2024-08-19 14:09:00,211969,1.47,3.62,-705,211264
p060,2024-09-06 02:31:00,211969,1.81,1.31,-638,211331
p060,2024-10-06 10:40:00,211969,-3.81,-4.95,-1763,210206
p060,2024-11-09 06:48:00,211969,10.84,-3.31,1168,213137
p060,2024-12-25 05:31:00,211969,11.08,2.64,1216,213185
p061,2024-01-03 04:39:00,281118,3.88,1.33,-224,280894
p061,2024-02-13 13:30:00,281118,2.85,-4.95,-430,280688
p061,2024-03-18 06:46:00,281118,2.64,4.5,-472,280646
p061,2024-04-11 16:12:00,281118,-4.63,1.77,-1927,279191
p061,2024-05-21 23:15:00,281118,-0.37,1.94,-1074,280044
p061,2024-06-12 09:08:00,281118,-2.9,-1.16,-1580,279538
p061,2024-07-19 09:10:00,281118,-3.67,3.24,-1733,279385
p061,2024-08-10 09:29:00,281118,9.9,0.2,981,282099
p061,2024-09-17 10:27:00,281118,13.18,1.87,1637,282755
p061,2024-10-05 10:57:00,281118,5.04,-1.41,7,281125
p061,2024-11-07 05:58:00,281118,13.8,3.12,1760,282878
p061,2024-12-01 07:14:00,281118,9.89,4.85,978,282096
p062,2024-01-07 23:01:00,67492,7.07,0.05,415,67907
p062,2024-02-04 11:45:00,67492,8.32,2.92,664,68156
p062,2024-03-13 20:16:00,67492,10.79,0.35,1159,68651
p062,2024-04-02 19:03:00,67492,8.55,-3.92,711,68203
p062,2024-05-27 00:03:00,67492,9.12,-3.84,825,68317
p062,2024-06-15 12:07:00,67492,6.21,-2.47,241,67733
p062,2024-07-23 04:13:00,67492,9.23,1.86,847,68339
p062,2024-08-01 09:26:00,67492,8.55,-3.99,710,68202
p062,2024-09-17 08:39:00,67492,7.4,2.01,480,67972
p062,2024-10-14 03:32:00,67492,9.72,1.18,944,68436
p062,2024-11-10 03:50:00,67492,-2.83,-0.02,-1565,65927
p062,2024-12-20 06:49:00,67492,0.38,3.31,-923,66569
p063,2024-01-07 11:45:00,353863,3.39,-2.05,-322,353541
p063,2024-02-02 17:31:00,353863,13.64,-2.92,1728,355591
p063,2024-03-16 10:15:00,353863,-4.95,-4.87,-1989,351874
p063,2024-04-03 03:53:00,353863,6.75,1.69,351,354214
p063,2024-05-05 02:49:00,353863,5.48,-4.25,95,353958
p063,2024-06-24 03:57:00,353863,0.24,1.44,-952,352911
p063,2024-07-15 09:16:00,353863,4.51,-4.5,-99,353764
p063,2024-08-27 05:55:00,353863,-4.2,3.52,-1839,352024
p063,2024-09-12 21:20:00,353863,3.72,2.39,-256,353607
p063,2024-10-04 01:00:00,353863,12.45,-3.62,1489,355352
p063,2024-11-21 05:21:00,353863,2.32,3.95,-536,353327
p063,2024-12-20 08:56:00,353863,10.01,-4.07,1002,354865
p064,2024-01-27 10:11:00,241292,-2.67,-0.99,-1534,239758
p064,2024-02-15 08:53:00,241292,2.89,1.9,-421,240871
p064,2024-03-16 13:41:00,241292,13.14,2.97,1629,242921
p064,2024-04-04 04:44:00,241292,9.88,-4.41,975,242267
p064,2024-05-28 05:06:00,241292,3.52,4.11,-296,240996
p064,2024-06-16 18:43:00,241292,3.97,-3.19,-206,241086
p064,2024-07-13 11:39:00,241292,-4.41,3.63,-1882,239410
p064,2024-08-27 23:57:00,241292,-2.32,-0.17,-1465,239827
p064,2024-09-16 03:56:00,241292,3.42,-0.59,-316,240976
p064,2024-10-03 08:41:00,241292,1.43,-4.88,-713,240579
p064,2024-11-28 21:33:00,241292,10.71,2.44,1143,242435
p064,2024-12-24 18:14:00,241292,14.57,1.7,1914,243206
p065,2024-01-11 16:33:00,433967,9.09,2.01,819,434786
p065,2024-02-04 13:42:00,433967,9.88,-2.51,976,434943
p065,2024-03-12 21:43:00,433967,8.13,-1.15,627,434594
p065,2024-04-27 17:57:00,433967,7.55,-4.45,510,434477
p065,2024-05-21 05:32:00,433967,12.38,-0.31,1476,435443
p065,2024-06-16 05:04:00,433967,10.38,-0.08,1077,435044
p065,2024-07-08 10:17:00,433967,-3.97,0.07,-1794,432173
p065,2024-08-18 20:24:00,433967,3.26,3.17,-349,433618
p065,2024-09-03 14:28:00,433967,11.41,0.73,1281,435248
p065,2024-10-03 15:28:00,433967,1.47,-3.81,-706,433261
p065,2024-11-16 23:41:00,433967,-4.64,-3.97,-1928,432039
p065,2024-12-14 01:35:00,433967,6.25,-5.0,249,434216
p066,2024-01-03 19:39:00,118897,8.06,-1.95,611,119508
p066,2024-02-17 17:13:00,118897,8.41,1.71,681,119578
p066,2024-03-11 11:52:00,118897,-3.89,3.17,-1778,117119
p066,2024-04-28 14:21:00,118897,6.47,2.67,294,119191
p066,2024-05-20 15:45:00,118897,8.45,-1.37,691,119588
p066,2024-06-15 03:06:00,118897,10.55,1.59,1110,120007
p066,2024-07-01 10:22:00,118897,12.0,1.34,1399,120296
p066,2024-08-26 09:35:00,118897,5.69,-1.26,138,119035
p066,2024-09-04 01:57:00,118897,-1.64,-0.08,-1328,117569
p066,2024-10-27 22:47:00,118897,9.78,-0.91,955,119852
p066,2024-11-09 19:12:00,118897,-1.16,-3.79,-1232,117665
p066,2024-12-28 12:13:00,118897,4.36,3.25,-128,118769
p067,2024-01-07 22:21:00,97255,-2.79,2.57,-1559,95696
p067,2024-02-02 20:53:00,97255,8.77,0.89,753,98008
p067,2024-03-25 14:29:00,97255,8.48,0.89,697,97952
p067,2024-04-17 04:31:00,97255,-4.92,0.3,-1983,95272
p067,2024-05-02 17:59:00,97255,3.86,3.39,-228,97027
p067,2024-06-16 16:49:00,97255,13.87,4.1,1773,99028
p067,2024-07-23 18:11:00,97255,9.96,3.15,992,98247
p067,2024-08-04 12:42:00,97255,7.29,1.06,459,97714
p067,2024-09-11 16:56:00,97255,2.88,-0.81,-425,96830
p067,2024-10-20 22:48:00,97255,0.08,-2.26,-984,96271
p067,2024-11-11 09:28:00,97255,11.48,-3.67,1296,98551
p067,2024-12-14 19:44:00,97255,13.15,2.48,1630,98885
p068,2024-01-10 22:35:00,204722,12.62,-1.86,1525,206247
p068,2024-02-24 17:40:00,204722,-0.55,-2.99,-1110,203612
p068,2024-03-20 22:18:00,204722,9.06,-1.55,812,205534
p068,2024-04-22 04:45:00,204722,8.31,4.75,662,205384
p068,2024-05-06 16:34:00,204722,9.21,1.37,843,205565
p068,2024-06-23 03:48:00,204722,2.21,0.62,-558,204164
p068,2024-07-19 18:42:00,204722,9.54,-0.83,908,205630
p068,2024-08-24 17:18:00,204722,12.97,3.47,1594,206316
p068,2024-09-26 00:33:00,204722,-2.82,-4.75,-1564,203158
p068,2024-10-05 01:42:00,204722,-3.84,-3.0,-1769,202953
p068,2024-11-25 05:18:00,204722,8.99,-2.49,799,205521
p068,2024-12-27 01:44:00,204722,11.06,-2.05,1212,205934
p069,2024-01-25 17:02:00,221294,2.35,3.14,-531,220763
p069,2024-02-04 19:55:00,221294,8.83,2.39,766,222060
p069,2024-03-28 07:47:00,221294,8.25,0.61,650,221944
p069,2024-04-08 16:50:00,221294,11.31,2.99,1263,222557
p069,2024-05-10 22:42:00,221294,-4.04,4.26,-1808,219486
p069,2024-06-13 13:50:00,221294,14.98,1.85,1996,223290
p069,2024-07-18 01:00:00,221294,10.23,-2.49,1046,222340
p069,2024-08-20 14:53:00,221294,-0.38,4.11,-1077,220217
p069,2024-09-23 22:41:00,221294,2.53,2.55,-494,220800
p069,2024-10-18 23:38:00,221294,-0.98,2.76,-1196,220098
p069,2024-11-07 09:28:00,221294,-1.37,4.83,-1274,220020
p069,2024-12-03 05:11:00,221294,10.05,0.14,1010,222304
p070,2024-01-13 01:27:00,441895,0.71,0.57,-857,441038
p070,2024-02-05 05:37:00,441895,12.32,-2.45,1465,443360
p070,2024-03-11 14:45:00,441895,14.2,-3.45,1839,443734
p070,2024-04-05 10:38:00,441895,-3.96,2.74,-1792,440103
p070,2024-05-21 19:53:00,441895,8.55,-1.99,711,442606
p070,2024-06-26 18:35:00,441895,2.33,-4.27,-534,441361
p070,2024-07-23 10:33:00,441895,-0.5,4.57,-1100,440795
p070,2024-08-17 02:50:00,441895,5.34,-3.41,69,441964
p070,2024-09-18 17:25:00,441895,-3.12,-1.51,-1624,440271
p070,2024-10-07 21:21:00,441895,1.78,-1.39,-644,441251
p070,2024-11-07 19:33:00,441895,4.72,4.97,-55,441840
p070,2024-12-27 20:00:00,441895,-2.66,1.69,-1531,440364
p071,2024-01-15 07:57:00,267843,8.15,1.14,630,268473
p071,2024-02-20 07:02:00,267843,8.97,3.86,795,268638
p071,2024-03-13 03:24:00,267843,0.25,0.4,-950,266893
p071,2024-04-10 00:58:00,267843,5.59,3.22,117,267960
p071,2024-05-12 16:51:00,267843,5.42,-0.54,83,267926
p071,2024-06-02 09:57:00,267843,8.34,-3.07,668,268511
p071,2024-07-17 02:06:00,267843,-1.57,4.72,-1315,266528
p071,2024-08-25 17:34:00,267843,-4.85,1.27,-1970,265873
p071,2024-09-07 21:40:00,267843,10.84,-2.87,1168,269011
p071,2024-10-22 13:53:00,267843,-2.88,-2.94,-1575,266268
p071,2024-11-27 22:56:00,267843,14.99,2.41,1998,269841
p071,2024-12-14 20:52:00,267843,14.25,-4.28,1849,269692
p072,2024-01-22 04:01:00,142085,4.4,2.17,-120,141965
p072,2024-02-02 02:04:00,142085,-3.89,-3.22,-1778,140307
p072,2024-03-09 17:04:00,142085,6.78,3.22,355,142440
p072,2024-04-09 13:24:00,142085,4.23,1.3,-153,141932
p072,2024-05-14 10:01:00,142085,2.97,1.73,-405,141680
p072,2024-06-18 00:41:00,142085,9.75,1.18,950,143035
p072,2024-07-25 23:37:00,142085,-4.07,2.01,-1814,140271
p072,2024-08-03 11:59:00,142085,5.3,-3.94,59,142144
p072,2024-09-26 21:19:00,142085,7.42,-4.13,484,142569
p072,2024-10-25 14:24:00,142085,3.09,3.22,-382,141703
p072,2024-11-01 15:10:00,142085,5.93,-2.8,185,142270
p072,2024-12-24 12:50:00,142085,11.33,3.49,1266,143351
p073,2024-01-10 20:09:00,155274,1.1,1.77,-780,154494
p073,2024-02-26 23:41:00,155274,2.64,4.57,-472,154802
p073,2024-03-01 17:55:00,155274,6.37,-3.59,273,155547
p073,2024-04-02 00:36:00,155274,7.21,-1.06,443,155717
p073,2024-05-18 02:19:00,155274,-0.7,2.48,-1140,154134
p073,2024-06-24 11:13:00,155274,3.45,4.06,-310,154964
p073,2024-07-28 16:09:00,155274,-1.71,-3.16,-1341,153933
p073,2024-08-20 08:12:00,155274,-2.66,-3.19,-1531,153743
p073,2024-09-26 18:54:00,155274,-3.89,3.51,-1778,153496
p073,2024-10-18 14:41:00,155274,6.25,-4.27,251,155525
p073,2024-11-22 02:16:00,155274,-2.99,-3.03,-1598,153676
p073,2024-12-19 15:21:00,155274,2.31,-3.72,-538,154736
p074,2024-01-21 07:06:00,119289,0.83,1.2,-833,118456
p074,2024-02-07 10:31:00,119289,4.22,-1.72,-155,119134
p074,2024-03-22 09:44:00,119289,6.96,-3.48,392,119681
p074,2024-04-19 11:51:00,119289,1.47,4.59,-705,118584
p074,2024-05-06 00:20:00,119289,0.04,2.86,-992,118297
p074,2024-06-23 23:41:00,119289,3.93,-2.23,-214,119075
p074,2024-07-12 04:43:00,119289,10.01,-1.68,1002,120291
p074,2024-08-16 14:28:00,119289,2.35,2.75,-531,118758
p074,2024-09-16 17:06:00,119289,-1.41,1.46,-1281,118008
p074,2024-10-03 08:54:00,119289,11.92,-3.6,1385,120674
p074,2024-11-18 06:16:00,119289,10.02,3.86,1004,120293
p074,2024-12-03 23:04:00,119289,13.27,-4.81,1654,120943
p075,2024-01-17 20:01:00,332805,11.64,0.82,1328,334133
p075,2024-02-13 18:13:00,332805,13.56,-4.63,1712,334517
p075,2024-03-09 17:57:00,332805,6.05,-0.28,210,333015
p075,2024-04-25 04:23:00,332805,3.04,-2.77,-393,332412
p075,2024-05-25 18:46:00,332805,12.55,-2.09,1510,334315
p075,2024-06-15 16:32:00,332805,-3.15,-1.03,-1630,331175
p075,2024-07-17 00:42:00,332805,-0.11,3.48,-1022,331783
p075,2024-08-26 19:43:00,332805,-1.6,2.57,-1321,331484
p075,2024-09-05 14:10:00,332805,-1.33,0.66,-1267,331538
p075,2024-10-19 21:55:00,332805,14.82,-3.54,1963,334768
p075,2024-11-24 15:22:00,332805,-4.17,-2.81,-1835,330970
p075,2024-12-16 07:04:00,332805,0.41,-1.31,-918,331887
p076,2024-01-02 21:13:00,241814,5.61,4.08,121,241935
p076,2024-02-12 12:30:00,241814,13.79,-0.45,1759,243573
p076,2024-03-02 01:41:00,241814,1.63,-3.97,-673,241141
p076,2024-04-17 20:53:00,241814,0.6,3.35,-880,240934
p076,2024-05-09 18:34:00,241814,6.68,-3.26,335,242149
p076,2024-06-21 12:23:00,241814,7.04,1.53,407,242221
p076,2024-07-27 02:33:00,241814,0.15,-1.24,-970,240844
p076,2024-08-08 16:25:00,241814,2.23,3.17,-555,241259
p076,2024-09-12 15:50:00,241814,4.87,3.87,-26,241788
p076,2024-10-01 16:56:00,241814,-2.16,-0.6,-1431,240383
p076,2024-11-08 02:32:00,241814,8.17,-2.19,635,242449
p076,2024-12-05 05:10:00,241814,2.42,1.02,-517,241297
p077,2024-01-27 03:42:00,328319,-0.29,-0.85,-1057,327262
p077,2024-02-11 23:07:00,328319,4.86,1.75,-28,328291
p077,2024-03-16 06:37:00,328319,-1.7,1.47,-1340,326979
p077,2024-04-14 00:15:00,328319,-4.12,-3.72,-1824,326495
p077,2024-05-19 05:08:00,328319,7.89,0.13,578,328897
p077,2024-06-19 04:03:00,328319,-1.59,-2.42,-1319,327000
p077,2024-07-06 16:25:00,328319,7.27,4.69,454,328773
p077,2024-08-21 00:56:00,328319,9.73,2.28,947,329266
p077,2024-09-27 09:05:00,328319,-0.56,-0.51,-1113,327206
p077,2024-10-16 15:10:00,328319,-0.51,3.3,-1102,327217
p077,2024-11-20 04:50:00,328319,6.93,3.2,386,328705
p077,2024-12-06 19:42:00,328319,5.46,-2.35,92,328411
p078,2024-01-24 21:21:00,313084,13.89,-0.47,1777,314861
p078,2024-02-19 02:14:00,313084,2.74,-1.15,-451,312633
p078,2024-03-04 00:12:00,313084,5.71,3.6,141,313225
p078,2024-04-17 21:26:00,313084,11.92,-3.5,1385,314469
p078,2024-05-04 05:30:00,313084,13.46,1.15,1692,314776
p078,2024-06-02 17:32:00,313084,10.4,-3.82,1081,314165
p078,2024-07-16 21:08:00,313084,13.47,1.03,1694,314778
p078,2024-08-27 00:57:00,313084,14.2,2.75,1840,314924
p078,2024-09-21 13:33:00,313084,3.62,-1.3,-277,312807
p078,2024-10-02 22:33:00,313084,3.79,-2.71,-243,312841
p078,2024-11-26 15:50:00,313084,10.74,-1.19,1148,314232
p078,2024-12-19 23:58:00,313084,10.6,3.37,1119,314203
p079,2024-01-19 03:27:00,192882,-2.26,-2.45,-1452,191430
p079,2024-02-25 07:58:00,192882,12.59,-4.16,1518,194400
p079,2024-03-20 17:26:00,192882,0.27,-3.11,-945,191937
p079,2024-04-23 23:50:00,192882,-4.86,0.78,-1971,190911
p079,2024-05-04 16:00:00,192882,2.68,1.55,-464,192418
p079,2024-06-23 10:26:00,192882,2.42,-3.93,-517,192365
p079,2024-07-14 20:37:00,192882,0.19,-2.39,-962,191920
p079,2024-08-18 13:36:00,192882,2.49,1.12,-503,192379
p079,2024-09-22 12:48:00,192882,-0.83,-0.87,-1166,191716
p079,2024-10-26 17:30:00,192882,-1.34,-1.3,-1268,191614
p079,2024-11-18 15:16:00,192882,1.28,0.78,-744,192138
p079,2024-12-25 22:25:00,192882,10.06,-3.62,1013,193895
p080,2024-01-28 21:07:00,136268,10.32,-2.7,1063,137331
p080,2024-02-26 22:10:00,136268,-2.95,-2.86,-1590,134678
p080,2024-03-13 10:51:00,136268,6.27,1.14,255,136523
p080,2024-04-22 22:03:00,136268,-1.71,-1.11,-1342,134926
p080,2024-05-21 00:51:00,136268,-3.13,3.23,-1627,134641
p080,2024-06-16 19:27:00,136268,-3.2,-4.36,-1639,134629
p080,2024-07-08 11:05:00,136268,7.47,-4.62,494,136762
p080,2024-08-13 12:39:00,136268,8.43,0.21,687,136955
p080,2024-09-23 19:03:00,136268,14.37,2.74,1873,138141
p080,2024-10-06 20:31:00,136268,3.99,-4.89,-202,136066
p080,2024-11-28 21:59:00,136268,11.46,0.18,1292,137560
p080,2024-12-07 01:50:00,136268,7.28,0.11,455,136723
p081,2024-01-23 07:39:00,184726,-1.53,1.74,-1306,183420
p081,2024-02-12 07:41:00,184726,-5.0,4.76,-1999,182727
p081,2024-03-03 08:49:00,184726,3.18,-1.47,-364,184362
p081,2024-04-13 12:37:00,184726,-0.9,0.18,-1180,183546
p081,2024-05-24 22:04:00,184726,13.82,-4.1,1764,186490
p081,2024-06-10 23:53:00,184726,6.45,4.15,290,185016
p081,2024-07-12 11:52:00,184726,0.66,-2.74,-868,183858
p081,2024-08-07 14:59:00,184726,3.27,0.75,-346,184380
p081,2024-09-09 05:26:00,184726,5.37,-3.94,73,184799
p081,2024-10-03 16:18:00,184726,1.96,4.47,-608,184118
p081,2024-11-26 16:16:00,184726,12.94,0.38,1588,186314
p081,2024-12-26 18:16:00,184726,9.21,-0.57,843,185569
p082,2024-01-13 18:30:00,302627,10.77,-2.57,1153,303780
p082,2024-02-11 14:43:00,302627,4.44,3.97,-113,302514
p082,2024-03-28 00:30:00,302627,-2.62,-2.42,-1524,301103
p082,2024-04-13 20:50:00,302627,-0.49,1.77,-1098,301529
p082,2024-05-08 10:26:00,302627,14.56,-1.47,1913,304540
p082,2024-06-18 00:44:00,302627,12.04,-2.37,1408,304035
p082,2024-07-10 02:25:00,302627,8.79,2.49,759,303386
p082,2024-08-11 02:35:00,302627,14.07,-3.22,1814,304441
p082,2024-09-11 11:13:00,302627,13.31,0.74,1663,304290
p082,2024-10-06 23:43:00,302627,14.05,4.1,1810,304437
p082,2024-11-16 23:12:00,302627,-0.2,2.35,-1039,301588
p082,2024-12-28 08:13:00,302627,-0.31,-2.97,-1062,301565
p083,2024-01-08 19:22:00,204739,-1.81,2.79,-1362,203377
p083,2024-02-04 02:43:00,204739,14.57,1.63,1914,206653
p083,2024-03-20 00:48:00,204739,12.55,0.41,1510,206249
p083,2024-04-02 15:23:00,204739,7.71,-1.85,542,205281
p083,2024-05-19 08:31:00,204739,-1.25,4.84,-1251,203488
p083,2024-06-17 08:25:00,204739,-0.46,2.5,-1091,203648
p083,2024-07-05 01:33:00,204739,11.37,-0.77,1273,206012
p083,2024-08-18 01:32:00,204739,2.11,-1.06,-578,204161
p083,2024-09-22 05:29:00,204739,15.0,-3.8,1999,206738
p083,2024-10-17 14:20:00,204739,9.12,-4.92,823,205562
p083,2024-11-22 06:24:00,204739,6.89,-3.99,379,205118
p083,2024-12-12 19:55:00,204739,0.31,-3.13,-937,203802
p084,2024-01-09 07:17:00,441412,4.65,4.59,-70,441342
p084,2024-02-11 11:11:00,441412,5.21,-0.76,42,441454
p084,2024-03-14 22:48:00,441412,2.62,-1.35,-476,440936
p084,2024-04-13 08:28:00,441412,-1.32,0.71,-1264,440148
p084,2024-05-19 21:14:00,441412,11.67,-4.0,1334,442746
p084,2024-06-09 07:35:00,441412,3.85,3.56,-230,441182
p084,2024-07-07 04:51:00,441412,14.64,2.39,1928,443340
p084,2024-08-16 00:11:00,441412,3.63,-0.0,-274,441138
p084,2024-09-28 20:33:00,441412,5.93,2.21,187,441599
p084,2024-10-26 15:19:00,441412,0.13,0.62,-973,440439
p084,2024-11-19 01:25:00,441412,-2.97,1.91,-1595,439817
p084,2024-12-02 06:52:00,441412,0.21,-0.23,-959,440453
p085,2024-01-21 03:28:00,227584,10.24,-1.65,1049,228633
p085,2024-02-12 11:35:00,227584,6.41,4.32,283,227867
p085,2024-03-09 11:01:00,227584,3.43,-3.79,-314,227270
p085,2024-04-28 21:38:00,227584,-0.93,0.77,-1186,226398
p085,2024-05-21 20:34:00,227584,-1.43,4.79,-1286,226298
p085,2024-06-10 11:20:00,227584,8.79,0.1,757,228341
p085,2024-07-25 23:28:00,227584,13.21,-4.22,1643,229227
p085,2024-08-20 09:29:00,227584,7.94,4.57,587,228171
p085,2024-09-28 05:40:00,227584,11.54,4.29,1308,228892
p085,2024-10-14 20:39:00,227584,6.71,-0.95,341,227925
p085,2024-11-03 02:10:00,227584,2.04,-2.72,-593,226991
p085,2024-12-11 20:18:00,227584,9.54,-2.33,909,228493
p086,2024-01-21 12:17:00,110382,13.17,-0.55,1635,112017
p086,2024-02-28 11:47:00,110382,7.02,0.21,404,110786
p086,2024-03-15 13:10:00,110382,-1.23,3.54,-1247,109135
p086,2024-04-05 23:15:00,110382,8.55,-2.48,711,111093
p086,2024-05-24 22:47:00,110382,-3.37,-2.89,-1673,108709
p086,2024-06-13 03:06:00,110382,-3.69,4.37,-1739,108643
p086,2024-07-16 17:03:00,110382,-4.46,2.71,-1893,108489
p086,2024-08-17 02:06:00,110382,0.38,1.18,-925,109457
p086,2024-09-03 20:59:00,110382,13.13,-1.1,1626,112008
p086,2024-10-08 07:47:00,110382,0.82,-0.57,-837,109545
p086,2024-11-05 04:33:00,110382,12.17,-3.29,1434,111816
p086,2024-12-02 21:22:00,110382,12.62,4.15,1524,111906
p087,2024-01-28 15:29:00,295540,14.96,3.71,1993,297533
p087,2024-02-09 17:28:00,295540,-2.23,4.7,-1447,294093
p087,2024-03-23 17:11:00,295540,7.1,0.98,420,295960
p087,2024-04-21 23:40:00,295540,12.96,0.64,1593,297133
p087,2024-05-17 20:40:00,295540,5.93,-1.9,186,295726
p087,2024-06-12 15:34:00,295540,-0.35,3.05,-1070,294470
p087,2024-07-15 09:23:00,295540,3.44,-2.4,-312,295228
p087,2024-08-10 00:00:00,295540,5.71,3.15,143,295683
p087,2024-09-28 04:22:00,295540,0.87,-0.31,-826,294714
p087,2024-10-01 22:59:00,295540,5.07,4.47,14,295554
p087,2024-11-16 09:00:00,295540,10.69,-0.7,1137,296677
p087,2024-12-10 19:14:00,295540,11.31,-4.93,1263,296803
p088,2024-01-12 06:26:00,89478,13.07,0.61,1613,91091
p088,2024-02-13 07:10:00,89478,9.64,2.37,928,90406
p088,2024-03-13 12:14:00,89478,0.38,-4.21,-923,88555
p088,2024-04-21 07:33:00,89478,10.65,3.0,1131,90609
p088,2024-05-20 22:43:00,89478,0.56,-2.15,-887,88591
p088,2024-06-24 17:51:00,89478,0.5,-0.87,-899,88579
p088,2024-07-28 02:11:00,89478,-2.2,-2.1,-1441,88037
p088,2024-08-21 14:39:00,89478,4.27,-2.28,-146,89332
p088,2024-09-20 15:12:00,89478,1.56,-4.81,-687,88791
p088,2024-10-02 17:01:00,89478,-1.19,4.72,-1239,88239
p088,2024-11-10 08:08:00,89478,9.64,-0.62,929,90407
p088,2024-12-01 07:05:00,89478,-1.92,-4.85,-1383,88095
p089,2024-01-07 10:26:00,123797,1.38,2.86,-724,123073
p089,2024-02-16 11:29:00,123797,9.27,2.91,854,124651
p089,2024-03-11 02:53:00,123797,10.37,4.52,1074,124871
p089,2024-04-02 08:49:00,123797,3.04,-4.29,-393,123404
p089,2024-05-16 05:12:00,123797,13.34,3.42,1668,125465
p089,2024-06-27 12:53:00,123797,-4.75,-3.78,-1949,121848
p089,2024-07-25 22:15:00,123797,2.88,2.71,-424,123373
p089,2024-08-15 07:47:00,123797,-4.31,-3.01,-1863,121934
p089,2024-09-24 03:33:00,123797,8.63,4.82,727,124524
p089,2024-10-16 12:43:00,123797,14.68,-1.88,1937,125734
p089,2024-11-11 05:40:00,123797,9.91,-4.58,982,124779
p089,2024-12-18 16:07:00,123797,0.18,-0.19,-963,122834
p090,2024-01-10 06:23:00,445392,13.17,-4.48,1635,447027
p090,2024-02-22 06:07:00,445392,-0.17,1.33,-1034,444358
p090,2024-03-11 00:10:00,445392,11.27,-2.24,1253,446645
p090,2024-04-04 12:50:00,445392,-0.03,-4.91,-1005,444387
p090,2024-05-02 18:50:00,445392,9.15,-0.25,829,446221
p090,2024-06-20 04:23:00,445392,10.79,-4.11,1157,446549
p090,2024-07-06 15:05:00,445392,9.05,1.19,809,446201
p090,2024-08-25 20:03:00,445392,-3.78,-1.44,-1756,443636
p090,2024-09-05 22:34:00,445392,11.21,-3.93,1241,446633
p090,2024-10-16 07:20:00,445392,6.43,2.89,287,445679
p090,2024-11-25 11:51:00,445392,13.26,-0.61,1652,447044
p090,2024-12-07 00:44:00,445392,2.73,-1.42,-453,444939
p091,2024-01-05 08:57:00,168287,-4.2,-0.15,-1839,166448
p091,2024-02-15 17:18:00,168287,6.11,1.97,223,168510
p091,2024-03-07 18:11:00,168287,6.13,-1.52,226,168513
p091,2024-04-24 14:17:00,168287,12.77,3.31,1553,169840
p091,2024-05-28 17:10:00,168287,-3.59,0.31,-1718,166569
p091,2024-06-15 09:52:00,168287,0.39,0.42,-922,167365
p091,2024-07-15 00:49:00,168287,8.06,0.06,613,168900
p091,2024-08-24 05:56:00,168287,-4.62,1.2,-1924,166363
p091,2024-09-12 19:15:00,168287,1.56,2.21,-687,167600
p091,2024-10-22 17:52:00,168287,2.93,-3.1,-413,167874
p091,2024-11-22 15:49:00,168287,6.29,-3.46,258,168545
p091,2024-12-10 10:26:00,168287,8.12,-1.78,625,168912
p092,2024-01-04 16:42:00,404588,-3.63,-4.56,-1727,402861
p092,2024-02-05 05:55:00,404588,-4.36,-2.98,-1872,402716
p092,2024-03-16 06:06:00,404588,-4.35,0.71,-1870,402718
p092,2024-04-27 12:42:00,404588,5.03,0.26,6,404594
p092,2024-05-23 18:16:00,404588,-4.0,-1.34,-1799,402789
p092,2024-06-20 22:04:00,404588,-4.74,4.3,-1947,402641
p092,2024-07-07 20:31:00,404588,14.01,3.9,1802,406390
p092,2024-08-03 14:51:00,404588,8.09,-4.39,617,405205
p092,2024-09-18 23:56:00,404588,3.52,3.22,-297,404291
p092,2024-10-26 22:03:00,404588,11.87,1.17,1373,405961
p092,2024-11-17 01:46:00,404588,-3.56,3.34,-1712,402876
p092,2024-12-03 06:33:00,404588,-3.01,-3.99,-1603,402985
p093,2024-01-08 17:24:00,429698,-1.12,-3.07,-1224,428474
p093,2024-02-22 07:36:00,429698,7.8,4.48,561,430259
p093,2024-03-18 23:35:00,429698,3.5,2.46,-300,429398
p093,2024-04-25 20:36:00,429698,2.33,1.74,-534,429164
p093,2024-05-23 21:27:00,429698,13.08,-3.96,1616,431314
p093,2024-06-26 05:35:00,429698,3.22,0.05,-356,429342
p093,2024-07-22 05:34:00,429698,7.29,-0.57,457,430155
p093,2024-08-12 10:35:00,429698,1.64,3.45,-671,429027
p093,2024-09-14 20:27:00,429698,11.91,2.26,1383,431081
p093,2024-10-20 07:36:00,429698,6.17,-2.86,234,429932
p093,2024-11-25 17:59:00,429698,10.24,-2.46,1049,430747
p093,2024-12-15 14:25:00,429698,-5.0,2.26,-2000,427698
p094,2024-01-10 19:01:00,403583,5.6,-3.65,120,403703
p094,2024-02-10 00:19:00,403583,-0.46,-2.85,-1092,402491
p094,2024-03-11 00:49:00,403583,11.83,4.43,1366,404949
p094,2024-04-27 08:58:00,403583,6.33,0.11,267,403850
p094,2024-05-19 18:09:00,403583,-3.07,-4.62,-1614,401969
p094,2024-06-12 04:08:00,403583,0.42,-1.33,-915,402668
p094,2024-07-19 07:14:00,403583,0.24,3.11,-951,402632
p094,2024-08-03 18:25:00,403583,6.65,4.18,330,403913
p094,2024-09-24 02:46:00,403583,1.64,2.93,-671,402912
p094,2024-10-06 15:52:00,403583,13.41,1.9,1682,405265
p094,2024-11-19 03:38:00,403583,8.15,-2.0,630,404213
p094,2024-12-24 18:24:00,403583,-3.4,2.8,-1679,401904
p095,2024-01-25 10:22:00,258358,13.02,3.17,1603,259961
p095,2024-02-14 03:55:00,258358,10.77,-2.73,1155,259513
p095,2024-03-21 19:59:00,258358,-4.77,1.34,-1954,256404
p095,2024-04-21 12:03:00,258358,1.24,0.24,-752,257606
p095,2024-05-11 17:36:00,258358,-1.94,-1.73,-1388,256970
p095,2024-06-23 07:09:00,258358,-3.97,1.74,-1794,256564
p095,2024-07-13 14:48:00,258358,7.18,0.75,437,258795
p095,2024-08-03 07:27:00,258358,0.93,2.86,-814,257544
p095,2024-09-05 04:21:00,258358,-3.31,-0.24,-1662,256696
p095,2024-10-24 01:35:00,258358,3.18,-2.37,-365,257993
p095,2024-11-13 16:27:00,258358,10.85,1.98,1169,259527
p095,2024-12-25 04:30:00,258358,6.45,-3.02,290,258648
p096,2024-01-13 20:36:00,342192,-0.98,0.61,-1197,340995
p096,2024-02-24 16:15:00,342192,-0.04,-4.28,-1008,341184
p096,2024-03-25 13:20:00,342192,9.02,4.24,804,342996
p096,2024-04-03 03:42:00,342192,3.47,-0.76,-306,341886
p096,2024-05-12 06:20:00,342192,2.05,0.94,-589,341603
p096,2024-06-01 09:10:00,342192,2.16,1.16,-568,341624
p096,2024-07-26 14:39:00,342192,-2.02,-0.6,-1403,340789
p096,2024-08-27 07:12:00,342192,9.04,-1.26,807,342999
p096,2024-09-25 23:54:00,342192,-3.25,-3.88,-1649,340543
p096,2024-10-02 07:39:00,342192,13.98,-3.52,1795,343987
p096,2024-11-27 09:00:00,342192,2.03,1.94,-594,341598
p096,2024-12-04 09:28:00,342192,4.64,-4.77,-71,342121
p097,2024-01-07 23:34:00,241771,-0.67,-2.96,-1133,240638
p097,2024-02-17 08:35:00,241771,4.89,1.23,-22,241749
p097,2024-03-05 22:44:00,241771,8.69,-4.82,737,242508
p097,2024-04-19 21:33:00,241771,-4.11,-2.45,-1822,239949
p097,2024-05-02 09:12:00,241771,11.16,1.97,1232,243003
p097,2024-06-09 01:29:00,241771,8.41,4.45,681,242452
p097,2024-07-03 12:42:00,241771,0.55,1.63,-889,240882
p097,2024-08-22 11:55:00,241771,-2.79,-4.81,-1559,240212
p097,2024-09-28 20:24:00,241771,-0.27,4.8,-1054,240717
p097,2024-10-17 22:06:00,241771,13.51,-1.85,1702,243473
p097,2024-11-28 19:34:00,241771,-3.2,-3.14,-1640,240131
p097,2024-12-17 14:35:00,241771,13.97,2.12,1794,243565
p098,2024-01-02 07:59:00,97344,5.84,-1.95,168,97512
p098,2024-02-16 12:47:00,97344,-1.79,-4.82,-1357,95987
p098,2024-03-22 11:22:00,97344,7.8,-1.98,560,97904
p098,2024-04-17 08:51:00,97344,-3.73,1.26,-1747,95597
p098,2024-05-13 00:35:00,97344,14.43,-2.2,1887,99231
p098,2024-06-05 10:57:00,97344,3.04,1.57,-391,96953
p098,2024-07-03 23:24:00,97344,5.66,4.61,132,97476
p098,2024-08-20 20:43:00,97344,-0.34,-0.83,-1069,96275
p098,2024-09-19 04:27:00,97344,14.88,-1.88,1975,99319
p098,2024-10-20 10:28:00,97344,6.1,-3.68,220,97564
p098,2024-11-21 04:37:00,97344,6.09,1.84,217,97561
p098,2024-12-07 04:19:00,97344,9.1,2.05,820,98164
p099,2024-01-17 04:27:00,256870,13.61,4.76,1723,258593
p099,2024-02-05 20:59:00,256870,6.57,4.17,313,257183
p099,2024-03-11 02:35:00,256870,5.91,4.49,183,257053
p099,2024-04-04 05:20:00,256870,12.19,3.8,1438,258308
p099,2024-05-24 00:48:00,256870,1.52,3.8,-695,256175
p099,2024-06-14 13:19:00,256870,4.07,2.46,-186,256684
p099,2024-07-27 20:59:00,256870,10.12,-2.26,1024,257894
p099,2024-08-25 06:06:00,256870,-2.31,-3.15,-1462,255408
p099,2024-09-25 19:39:00,256870,0.46,1.06,-907,255963
p099,2024-10-20 07:38:00,256870,-0.25,-2.69,-1049,255821
p099,2024-11-01 11:05:00,256870,9.09,2.8,818,257688
p099,2024-12-05 16:54:00,256870,7.38,-0.31,476,257346
p100,2024-01-21 11:11:00,57297,12.45,-1.13,1490,58787
p100,2024-02-16 04:10:00,57297,-1.04,-2.74,-1209,56088
p100,2024-03-14 00:59:00,57297,0.53,4.5,-895,56402
p100,2024-04-08 23:42:00,57297,-0.85,2.58,-1170,56127
p100,2024-05-03 05:59:00,57297,14.55,4.86,1910,59207
p100,2024-06-28 19:31:00,57297,9.09,-1.75,817,58114
p100,2024-07-15 07:27:00,57297,3.29,2.76,-342,56955
p100,2024-08-20 23:52:00,57297,2.79,2.2,-442,56855
p100,2024-09-13 19:47:00,57297,6.71,0.94,342,57639
p100,2024-10-17 20:56:00,57297,9.42,2.87,884,58181
p100,2024-11-17 03:28:00,57297,4.36,3.27,-129,57168
p100,2024-12-02 07:33:00,57297,6.01,-1.04,203,57500
p101,2024-01-24 01:35:00,188652,2.93,0.16,-414,188238
p101,2024-02-21 01:12:00,188652,0.96,-0.6,-808,187844
p101,2024-03-10 09:29:00,188652,-1.59,-0.78,-1319,187333
p101,2024-04-20 01:44:00,188652,5.59,4.04,117,188769
p101,2024-05-15 20:28:00,188652,-3.15,2.23,-1630,187022
p101,2024-06-04 05:49:00,188652,6.98,4.38,397,189049
p101,2024-07-23 17:08:00,188652,3.05,-0.86,-390,188262
p101,2024-08-15 00:11:00,188652,4.29,0.9,-142,188510
p101,2024-09-23 06:56:00,188652,4.31,-4.1,-138,188514
p101,2024-10-11 22:41:00,188652,13.57,2.11,1715,190367
p101,2024-11-06 22:46:00,188652,-2.47,-4.09,-1494,187158
p101,2024-12-23 14:40:00,188652,2.43,-4.15,-514,188138
p102,2024-01-23 12:46:00,331318,11.2,4.75,1240,332558
p102,2024-02-20 05:24:00,331318,6.27,-1.19,254,331572
p102,2024-03-25 05:58:00,331318,1.86,0.65,-628,330690
p102,2024-04-22 04:10:00,331318,12.79,-3.55,1558,332876
p102,2024-05-25 22:03:00,331318,3.59,-1.92,-282,331036
p102,2024-06-24 14:18:00,331318,7.82,-3.19,565,331883
p102,2024-07-05 06:00:00,331318,7.75,2.65,550,331868
p102,2024-08-01 14:31:00,331318,12.52,-0.01,1503,332821
p102,2024-09-26 00:38:00,331318,13.08,-0.07,1615,332933
p102,2024-10-07 18:42:00,331318,4.74,-0.46,-52,331266
p102,2024-11-15 02:38:00,331318,7.29,-4.93,458,331776
p102,2024-12-18 08:39:00,331318,7.87,0.58,574,331892
